serial_number,terminal_id,deployment_date
0822244138,87195,2021-09-23
0822210553,900908,2025-07-20
0821578615,796488,2024-07-02
0821929702,46394,2021-03-28
1850082591,860019,2025-03-04
0821895692,826278,2024-11-10
0822238791,76041,2021-08-17
0821537933,435398,2022-12-22
0821936135,706956,2023-11-28
0821536249,773711,2024-03-21
0821873800,89026,2021-09-30
1850080741,703849,2023-11-16
0821585951,798169,2024-07-09
0821580806,354310,2022-10-22
1850075936,674009,2023-09-26
0822244138,784196,2024-05-07
0821897829,797812,2024-07-08
0822239689,71747,2021-07-25
0822253328,86388,2021-09-21
0821705244,814813,2024-09-22
0821705498,819747,2024-10-15
0821897636,702244,2023-11-11
1850048956,104308,2021-12-06
0822242022,773388,2024-03-20
0821895422,63410,2021-06-02
1850052871,159789,2022-06-20
0821543257,91409,2021-10-11
0821745301,165838,2022-07-01
1850047674,869885,2025-04-09
1850079027,274600,2022-09-04
1850037245,787472,2024-05-20
0822297672,256482,2022-08-28
0822236635,107940,2021-12-25
0822319833,659819,2023-09-06
0821537026,770699,2024-03-08
1850076189,99741,2021-11-14
1850048577,118087,2022-02-18
0822319282,331604,2022-10-04
1850082209,89597,2021-10-03
0821897636,108114,2021-12-27
0821578469,112885,2022-01-25
1850031521,456751,2023-01-24
0822298660,828619,2024-11-18
0822253084,82019,2021-09-02
1850035014,146764,2022-06-05
0821570117,153360,2022-06-12
0821546063,155868,2022-06-14
0821745616,860385,2025-03-05
0822297574,494254,2023-03-15
0821543577,639226,2023-08-07
0821930144,893982,2025-06-29
0821543471,24903,2020-11-29
0821799242,439494,2022-12-29
0821589962,317174,2022-09-24
0821931194,28586,2021-01-07
0821539997,112878,2022-01-25
0822320146,764669,2024-02-12
0821929675,29188,2021-01-12
1850080183,101642,2021-11-22
0821870960,93878,2021-10-20
0822062701,128317,2022-04-06
1850080962,98517,2021-11-08
0821936709,822797,2024-10-28
0821543064,20149,2020-11-15
0821895692,706930,2023-11-28
0822320146,135767,2022-05-18
0821586954,26448,2020-12-23
0821541414,133651,2022-05-10
0822237278,88854,2021-09-30
1850074233,124109,2022-03-15
1850082673,116572,2022-02-12
0821589599,26266,2020-12-21
V9E0010249,857558,2025-02-25
0821936178,42469,2021-03-09
0822315577,138682,2022-05-25
0821892531,52142,2021-04-20
0821898283,707577,2023-11-30
0822312325,820222,2024-10-17
0821900747,879322,2025-05-14
V9E0011733,886221,2025-05-31
0821211449,468590,2023-02-14
0822244307,835451,2024-12-10
0821927378,48542,2021-04-08
0821708112,886906,2025-06-02
0822238786,822803,2024-10-28
0822239947,890533,2025-06-17
0821930380,891752,2025-06-22
0822240986,904210,2025-07-29
0821580232,902935,2025-07-26
0822211077,916861,2025-09-08
0821893191,131163,2022-04-19
0821705701,858871,2025-02-28
0822061181,870363,2025-04-11
0822319918,840637,2024-12-29
0822238043,144131,2022-06-01
0822253604,87291,2021-09-23
0822061983,135115,2022-05-16
0822060684,72301,2021-07-29
0822235545,355400,2022-10-23
0821570103,31248,2021-01-25
V9E0012586,855348,2025-02-19
V9E0013222,855303,2025-02-19
0822313262,85282,2021-09-16
0821587026,111236,2022-01-16
0821586054,81819,2021-09-01
0821707338,789508,2024-05-28
0821536863,900796,2025-07-20
0821893780,145160,2022-06-02
1850049856,808853,2024-08-27
0821386152,169443,2022-07-07
1850048469,603758,2023-06-23
1850034451,850011,2025-02-03
0821589407,408079,2022-11-15
V9E0017734,878382,2025-05-12
0821931999,790540,2024-06-02
0821539192,861568,2025-03-09
0821934095,118306,2022-02-20
1850041626,125666,2022-03-22
0821873263,846944,2025-01-22
0822059054,910639,2025-08-17
0821587161,829868,2024-11-21
0821542522,105539,2021-12-13
0822236711,415364,2022-11-22
0822317794,885682,2025-05-29
0821706363,424462,2022-12-05
0821579983,123607,2022-03-14
0821592970,114710,2022-02-02
0821350425,784875,2024-05-08
0822320181,877222,2025-05-08
1850042094,152450,2022-06-11
0821708087,503046,2023-03-29
0822236711,73402,2021-08-03
0821591165,19058,2020-11-10
0822311198,83408,2021-09-09
0822235187,106261,2021-12-16
0822236011,811699,2024-09-08
0821892759,319884,2022-09-26
0822233935,74535,2021-08-09
0821896841,73094,2021-08-02
0822213112,70112,2021-07-06
0822213112,91505,2021-10-12
0821590593,126357,2022-03-24
0822060890,232212,2022-08-19
1850028590,129515,2022-04-12
0821898103,333273,2022-10-05
0822235064,480091,2023-02-26
0822215869,154289,2022-06-13
0822244274,85404,2021-09-16
0821590603,139755,2022-05-26
0821590603,130524,2022-04-16
1850038923,112784,2022-01-24
0821705510,886571,2025-06-01
0822254234,529177,2023-04-27
0821898621,681588,2023-10-07
0821928473,913222,2025-08-26
0821706609,166593,2022-07-03
0821927378,108207,2021-12-27
0822253372,180506,2022-07-27
0821591164,259565,2022-08-29
0822315526,78414,2021-08-25
0821538925,4313,2020-08-24
0821589834,18734,2020-11-09
0822244550,80616,2021-08-29
V9E0011823,854308,2025-02-17
0821541494,687760,2023-10-15
1850038971,130042,2022-04-13
1850041724,702696,2023-11-12
1850049113,810106,2024-09-02
0821579988,18673,2020-11-09
0821589342,16178,2020-10-30
0821896181,357169,2022-10-25
0821705775,814928,2024-09-22
1850039075,106026,2021-12-15
0822234541,93758,2021-10-20
0821587620,700935,2023-11-06
0822297789,82486,2021-09-06
0821298521,5133,2020-08-31
0821386224,2136,2020-06-30
0821538318,76708,2021-08-18
1850077742,91865,2021-10-13
1850082387,127161,2022-03-29
1850049238,846285,2025-01-20
1850074596,456689,2023-01-24
1850030773,866980,2025-03-26
0822297789,903301,2025-07-27
1850108606,90596,2021-10-09
1850048378,869793,2025-04-09
0822312074,83779,2021-09-11
1850039877,90023,2021-10-05
0822315008,918022,2025-09-11
0822295868,75569,2021-08-15
0821892570,841401,2024-12-31
0822065589,780549,2024-04-21
0821936135,105385,2021-12-12
0821539145,133628,2022-05-10
0821588896,849046,2025-01-30
0821539263,6704,2020-09-17
0822234436,885939,2025-05-30
0821537765,35390,2021-02-21
1850109096,706590,2023-11-27
0821385806,356260,2022-10-24
0821298623,649734,2023-08-23
0821705751,12751,2020-10-20
0821211012,1427,2020-03-25
0821539997,873132,2025-04-22
0822234561,885732,2025-05-29
0821589850,637779,2023-08-05
0821929769,125047,2022-03-19
0821589262,837860,2024-12-18
0821871332,115970,2022-02-08
1850049115,805663,2024-08-13
1850079601,851639,2025-02-09
0822313269,512349,2023-04-13
0821706804,915669,2025-09-03
1850077087,305689,2022-09-17
0821706340,11089,2020-10-13
0821894994,52304,2021-04-20
1850082528,93157,2021-10-18
0821579520,816534,2024-09-30
0822059003,753167,2023-12-23
0821933900,45688,2021-03-23
0821898296,587343,2023-06-12
0821579883,24432,2020-11-28
0821705337,14377,2020-10-25
0821891262,807075,2024-08-19
0822238445,74543,2021-08-09
1850031520,143389,2022-05-31
1850077332,777504,2024-04-07
0821210954,1327,2020-03-11
0821586869,783048,2024-05-01
0821589407,487776,2023-03-07
1850041996,125668,2022-03-22
0822061983,799357,2024-07-16
0821385822,2094,2020-06-29
0821746764,863797,2025-03-17
0822233825,78763,2021-08-26
0821590210,95010,2021-10-25
0821708003,494147,2023-03-15
0821871290,783037,2024-05-01
0822239749,823456,2024-10-30
0822298008,887429,2025-06-03
0821933499,575840,2023-06-04
0821709440,141429,2022-05-29
0821893804,110327,2022-01-11
0821873011,128053,2022-04-05
1850077062,435537,2022-12-22
0822311034,96691,2021-10-31
0822061746,164895,2022-06-29
0821542551,159042,2022-06-19
0822059054,774173,2024-03-24
0822311024,889156,2025-06-12
0821935198,580690,2023-06-07
0822216095,129899,2022-04-13
1850080807,577562,2023-06-05
1850082209,333014,2022-10-05
1850080559,373544,2022-11-09
0821588053,109826,2022-01-09
0821936092,836605,2024-12-15
0821707377,135627,2022-05-17
0821894649,790607,2024-06-02
0822243563,93393,2021-10-19
0821931951,50387,2021-04-14
0821929049,42203,2021-03-07
0821931572,112891,2022-01-25
0821588896,43465,2021-03-14
0821895422,63632,2021-06-03
0821928311,423789,2022-12-04
0821933577,710299,2023-12-11
0821871030,845921,2025-01-19
0822235520,111593,2022-01-18
0822239699,915536,2025-09-02
0821898069,175033,2022-07-20
0822236013,74402,2021-08-09
0821891187,358888,2022-10-27
1850075624,783346,2024-05-02
1850079584,465517,2023-02-08
0821892537,898433,2025-07-14
0821536234,111784,2022-01-19
0821543471,25292,2020-12-08
0822311637,90323,2021-10-06
0821930072,130198,2022-04-14
0822236035,873221,2025-04-22
1850048378,174988,2022-07-20
0822236711,887146,2025-06-03
1850083245,121995,2022-03-08
0822315793,630547,2023-07-25
0821542546,138676,2022-05-25
0822319282,326135,2022-09-30
0821581164,96128,2021-10-28
1850079535,810620,2024-09-03
0821543294,783574,2024-05-02
1850081043,125662,2022-03-22
1850038222,121076,2022-03-05
0821706520,798949,2024-07-14
0821897143,890190,2025-06-16
0821892568,429719,2022-12-14
0821588203,474453,2023-02-19
0821705765,783054,2024-05-01
0822319939,92131,2021-10-14
0821543064,20470,2020-11-16
0821706021,13122,2020-10-21
0822312295,823715,2024-10-31
0821746884,852678,2025-02-12
0821581164,852687,2025-02-12
0821745899,138257,2022-05-25
0821895422,63646,2021-06-03
0822311700,494253,2023-03-15
0822234805,831327,2024-11-26
0821871311,427668,2022-12-10
0821933861,776161,2024-04-01
1850031956,571925,2023-05-31
0822311034,790498,2024-06-02
1850048956,794972,2024-06-24
1850038697,798176,2024-07-09
0821545813,752900,2023-12-21
0821895651,445294,2023-01-09
0822236772,136776,2022-05-22
1850074556,752795,2023-12-21
0821929769,49913,2021-04-13
0821873903,47103,2021-03-31
1850038876,821583,2024-10-23
0821537041,907418,2025-08-07
0822253148,488407,2023-03-08
0821580238,29356,2021-01-14
0821578722,898447,2025-07-14
0821592970,764689,2024-02-12
1850037245,104008,2021-12-05
0822253480,136286,2022-05-19
0821897345,409776,2022-11-17
0821894844,43682,2021-03-16
0822295943,790713,2024-06-03
0822235599,468547,2023-02-14
0822312700,86175,2021-09-20
0821587088,28881,2021-01-11
0822208362,69454,2021-07-04
1850081721,761670,2024-01-30
0822236503,791156,2024-06-04
0822235367,773635,2024-03-21
0822239278,784200,2024-05-07
0821936745,623182,2023-07-12
1850037380,100977,2021-11-18
0822314620,900728,2025-07-20
0822238604,836007,2024-12-12
0821385820,2191,2020-06-30
0821586915,126391,2022-03-24
0822236952,625896,2023-07-17
0821538031,783469,2024-05-02
1850109096,706462,2023-11-26
0821385794,802979,2024-08-01
1850074439,810740,2024-09-03
0821898446,55245,2021-05-01
0821580359,556522,2023-05-18
1850079060,869802,2025-04-09
0821896593,475209,2023-02-20
0821748325,885770,2025-05-29
0821585875,126181,2022-03-23
0821894526,82709,2021-09-06
0822253479,99470,2021-11-13
1850079463,94160,2021-10-21
1850082209,156407,2022-06-15
0821936135,56405,2021-05-05
0821895046,700592,2023-11-05
0821579883,24420,2020-11-28
0821708303,8511,2020-09-29
1850039116,871806,2025-04-16
0821587161,19411,2020-11-12
0822208362,831864,2024-11-28
0821895242,843086,2025-01-08
0821928429,852556,2025-02-12
0821705244,260798,2022-08-30
0821935718,442668,2023-01-04
0822241543,771344,2024-03-11
0822233290,167009,2022-07-03
0822253372,78402,2021-08-25
0821930642,34352,2021-02-15
0821538925,706954,2023-11-28
0822243837,465334,2023-02-08
0821895422,59890,2021-05-20
0821539897,27174,2020-12-27
0822063206,85704,2021-09-19
1850108805,879239,2025-05-14
1850074325,457220,2023-01-25
1850034047,122456,2022-03-09
0822239140,580685,2023-06-07
0821747033,532649,2023-04-30
0821536848,765162,2024-02-14
0821590813,815609,2024-09-25
0822235253,830417,2024-11-24
V9E0013365,856734,2025-02-23
0821893191,532646,2023-04-30
0822240720,684729,2023-10-11
0821211216,447356,2023-01-12
1850039805,838190,2024-12-19
0821543257,807074,2024-08-19
0821706520,10100,2020-10-07
0822062513,843238,2025-01-08
0821895880,625893,2023-07-17
0822253148,81410,2021-08-31
0822215847,775336,2024-03-28
1850080047,901747,2025-07-22
1850076196,759628,2024-01-21
0821586507,295245,2022-09-12
0821898283,783518,2024-05-02
0821745889,118871,2022-02-22
0821707480,706940,2023-11-28
0821897324,805981,2024-08-14
0821543246,157123,2022-06-16
1850047323,852262,2025-02-11
0821587620,347642,2022-10-17
0821798847,78634,2021-08-26
0821578615,48624,2021-04-09
0822319579,434010,2022-12-20
0821589349,22304,2020-11-19
0821931329,111660,2022-01-18
0821586553,791769,2024-06-06
0822211827,111800,2022-01-19
1850036965,766482,2024-02-20
0822234826,65588,2021-06-10
0822066176,705750,2023-11-23
0821892570,65728,2021-06-10
0821588706,477166,2023-02-22
0822242690,819920,2024-10-16
0821933686,165349,2022-06-29
0821590603,21910,2020-11-18
0821928400,59503,2021-05-19
0821570365,3284,2020-08-11
0821895880,331615,2022-10-04
1850049113,784570,2024-05-08
0821870960,56464,2021-05-05
0821895880,103090,2021-11-29
0822236996,175896,2022-07-21
0821537055,4692,2020-08-27
0821873168,109655,2022-01-06
1850076063,119030,2022-02-23
0822236833,142663,2022-05-30
0822059067,66192,2021-06-15
0822059667,282225,2022-09-07
0822238543,798881,2024-07-14
0821931999,761808,2024-01-31
1850077620,116079,2022-02-09
0821894994,763143,2024-02-06
0821537079,8312,2020-09-28
0822243500,367417,2022-11-03
0822242257,790714,2024-06-03
1850039645,90457,2021-10-07
0821895545,799247,2024-07-15
0821580851,693604,2023-10-24
0821929489,54338,2021-04-27
0822297574,810649,2024-09-03
0821931999,106790,2021-12-19
1850082740,330324,2022-10-03
0821706540,8450,2020-09-28
0822312445,120504,2022-03-02
0821895422,60797,2021-05-23
V9E0011733,886234,2025-05-31
0822236024,883581,2025-05-23
0821580253,877118,2025-05-08
0821570361,3531,2020-08-13
0822240258,75900,2021-08-16
0821895441,228806,2022-08-18
1850039693,645678,2023-08-17
V9E0014402,881453,2025-05-18
1850038054,864061,2025-03-17
V9E0015563,855305,2025-02-19
0822233290,110361,2022-01-11
0821929495,60976,2021-05-24
0822210478,69901,2021-07-05
1850038923,466669,2023-02-12
0822062507,65925,2021-06-12
1850034093,101282,2021-11-20
0821928092,589727,2023-06-14
0821587206,862769,2025-03-12
0822319833,784310,2024-05-07
1850039562,92668,2021-10-17
0821537767,21531,2020-11-17
1850035014,107462,2021-12-22
0821544965,308942,2022-09-19
0822314620,84162,2021-09-12
0822061810,74419,2021-08-09
1850038113,350092,2022-10-19
0822240817,87713,2021-09-26
0822295857,836040,2024-12-12
0821708746,700634,2023-11-05
0821745661,859627,2025-03-03
0821536507,494057,2023-03-15
0821893582,683659,2023-10-10
0821893082,96858,2021-10-31
0821935907,103104,2021-11-29
0821580562,17462,2020-11-04
0821929495,61003,2021-05-24
0822243258,77577,2021-08-23
0821934260,885755,2025-05-29
0821933217,822810,2024-10-28
0821928251,800189,2024-07-18
0822295941,860010,2025-03-04
0821298630,467258,2023-02-13
0821892708,808220,2024-08-24
1850048995,124086,2022-03-15
0821586371,367450,2022-11-03
0821538063,48531,2021-04-08
0822320125,85381,2021-09-16
0821543577,800936,2024-07-22
0821930283,498679,2023-03-22
0821543577,34922,2021-02-18
1850057083,135268,2022-05-16
0821570365,178626,2022-07-25
0821872946,143510,2022-05-31
0822238960,70055,2021-07-06
0822240179,72880,2021-08-01
0822238489,73128,2021-08-02
0821545697,26937,2020-12-25
1850077753,122333,2022-03-09
0821211189,907731,2025-08-07
1850033880,122008,2022-03-08
0821872566,801119,2024-07-23
0822253026,367476,2022-11-03
0821709017,406757,2022-11-14
0822240827,129446,2022-04-11
0822208370,901048,2025-07-21
0821936142,564657,2023-05-25
0821705510,916252,2025-09-04
0821587620,576895,2023-06-05
0821892531,810308,2024-09-02
0822311797,166932,2022-07-03
0821893734,801981,2024-07-28
0821930869,94470,2021-10-24
0821932037,133397,2022-05-09
0821934855,459318,2023-01-30
0822298000,135770,2022-05-18
0822236532,647573,2023-08-20
0821538283,443263,2023-01-05
0821706157,795943,2024-06-29
1850073949,148584,2022-06-07
0821895340,52598,2021-04-22
0822244328,84913,2021-09-14
0822065605,508931,2023-04-09
0821536576,6520,2020-09-15
0821536401,572076,2023-05-31
1850040602,92173,2021-10-14
0821898696,850342,2025-02-04
0821872762,49737,2021-04-12
0822240250,894240,2025-06-30
0821748409,97211,2021-11-01
0821896362,302633,2022-09-15
0822313366,414512,2022-11-21
0821586381,630883,2023-07-26
0821893254,299519,2022-09-14
0822240081,577833,2023-06-05
0821589854,798604,2024-07-11
0821873263,43206,2021-03-13
0821706255,111682,2022-01-18
0822244269,533787,2023-05-01
0821901026,545433,2023-05-09
0821588535,846625,2025-01-21
0821871638,888899,2025-06-11
0822237610,468377,2023-02-14
0821590593,14710,2020-10-26
0821928480,706933,2023-11-28
0821892436,790825,2024-06-03
0821537978,323959,2022-09-28
0822298247,85307,2021-09-16
0822298283,626565,2023-07-18
1850073952,100734,2021-11-17
0821934065,798605,2024-07-11
0821537306,9256,2020-10-03
1850080803,896478,2025-07-08
0821891616,32651,2021-02-04
0821590603,133077,2022-05-07
0822236554,193529,2022-08-04
1850082591,106233,2021-12-16
0821589456,901625,2025-07-22
0821538835,827324,2024-11-13
0821570523,4273,2020-08-24
0821538318,369910,2022-11-05
0821708465,10629,2020-10-11
0821537807,27175,2020-12-27
0821892932,789553,2024-05-28
1850039805,848853,2025-01-29
0822243548,843085,2025-01-08
1850079239,874779,2025-04-28
0822058855,825799,2024-11-08
1850054466,846283,2025-01-20
0822237929,67448,2021-06-24
0821895422,59895,2021-05-20
0822239370,73747,2021-08-05
1850039498,660046,2023-09-06
0821936745,100888,2021-11-18
0822313043,87239,2021-09-23
0821800848,814755,2024-09-22
V9E0017631,856737,2025-02-23
0822065605,753441,2023-12-24
0821580806,847212,2025-01-23
1850077783,850044,2025-02-03
1850078052,865107,2025-03-20
0821871715,519763,2023-04-19
0821900818,580716,2023-06-07
1850039029,866954,2025-03-26
0821706071,302384,2022-09-15
0821579849,339188,2022-10-11
0822312835,84616,2021-09-14
0821929489,825687,2024-11-07
0821892438,835255,2024-12-10
0822239689,94668,2021-10-24
0822238786,78897,2021-08-26
0821900747,84558,2021-09-13
1850078983,650425,2023-08-24
1850039129,803963,2024-08-06
0821799242,114329,2022-02-01
0821705593,789491,2024-05-28
0821537961,887437,2025-06-03
0821895695,122017,2022-03-08
1850080937,708468,2023-12-04
0821579608,826651,2024-11-11
0821748486,99421,2021-11-13
0821799243,465149,2023-02-07
0821350425,3217,2020-08-11
0821570165,3915,2020-08-18
0822064682,684149,2023-10-10
0821898234,323823,2022-09-28
1850082315,89841,2021-10-04
0821930857,114837,2022-02-02
0822238805,580692,2023-06-07
0821895887,580708,2023-06-07
0822298194,677479,2023-10-01
0821891139,701612,2023-11-08
V9E0017691,889933,2025-06-15
0822298363,82328,2021-09-05
1850037729,876284,2025-05-05
0821894436,873266,2025-04-22
0821385977,847814,2025-01-26
0821934260,767651,2024-02-25
1850077783,705133,2023-11-21
1850082257,97594,2021-11-03
V9E0012576,855637,2025-02-19
1850054448,861876,2025-03-10
0821927637,787986,2024-05-21
0821897342,884101,2025-05-25
0821585980,404581,2022-11-10
0821874039,143456,2022-05-31
0821580805,4989,2020-08-30
0821586140,15447,2020-10-28
0822216077,918021,2025-09-11
0821898103,446925,2023-01-11
1850108620,100068,2021-11-15
1850077769,871063,2025-04-14
0821896711,706955,2023-11-28
0822239165,800562,2024-07-21
0821895441,889274,2025-06-12
0821586700,166885,2022-07-03
0822066343,404944,2022-11-11
0822313319,109515,2022-01-05
0821706471,562573,2023-05-23
0821570365,837884,2024-12-18
0821896908,328658,2022-10-02
0821541414,85992,2021-09-19
0821896729,138813,2022-05-25
1850021778,106231,2021-12-16
0821538805,406107,2022-11-13
0821934618,45078,2021-03-22
1850080202,162069,2022-06-23
0821709443,858101,2025-02-26
0821537217,177954,2022-07-24
1850041783,125664,2022-03-22
0822238446,798295,2024-07-10
1850056635,122730,2022-03-10
0822253588,83814,2021-09-11
1850035045,688470,2023-10-16
0821298701,4285,2020-08-24
0821893101,779122,2024-04-15
0821929495,60953,2021-05-24
0821891139,61596,2021-05-26
1850109087,463207,2023-02-05
0821873792,43759,2021-03-16
0821873302,730211,2023-12-18
0821587773,835884,2024-12-12
V9E0011594,862926,2025-03-13
0822311960,838212,2024-12-19
1850080380,152431,2022-06-11
0821590210,221407,2022-08-15
0821892438,845294,2025-01-16
0822238957,904287,2025-07-29
0822315008,903498,2025-07-28
0821873789,112780,2022-01-24
0822062370,61431,2021-05-25
0822253626,685483,2023-10-12
0821546085,11733,2020-10-15
1850080771,109065,2022-01-03
0821932271,53929,2021-04-26
0822314806,792515,2024-06-10
V9E0012335,855377,2025-02-19
0821746884,99435,2021-11-13
0821874019,871006,2025-04-14
0822253480,855739,2025-02-19
0821590297,683011,2023-10-09
0821570061,3110,2020-08-10
0821545856,846266,2025-01-20
0822253613,701689,2023-11-08
0822235545,792303,2024-06-09
0821580852,457558,2023-01-25
0821930072,839283,2024-12-24
0822208134,109902,2022-01-09
0821896339,154404,2022-06-13
1850039715,103345,2021-11-30
0821588716,22417,2020-11-19
0821893101,159285,2022-06-19
0822239908,110839,2022-01-13
0821537026,333231,2022-10-05
0822235187,669548,2023-09-19
0822236040,70888,2021-07-11
0821930144,505375,2023-04-02
0822215639,131987,2022-04-24
0822297746,840842,2024-12-30
0822237441,891384,2025-06-20
0822215920,835046,2024-12-09
0820414498,705625,2023-11-23
0821931108,916984,2025-09-08
1850026894,878775,2025-05-13
0822235689,130920,2022-04-18
V9E0016055,868744,2025-04-06
0821543743,19480,2020-11-12
0822253626,887311,2025-06-03
0821586463,113072,2022-01-25
0821931763,130926,2022-04-18
0822298344,130077,2022-04-13
0821895436,111645,2022-01-18
0821537041,144660,2022-06-02
0821891167,779593,2024-04-17
1850042094,912900,2025-08-25
0821897115,804030,2024-08-06
V9E0012556,876319,2025-05-05
0821931763,42208,2021-03-07
0822207590,902827,2025-07-26
0821705762,33989,2021-02-13
0822062196,98297,2021-11-07
0821537913,872010,2025-04-17
0822313366,82393,2021-09-05
0821546094,109153,2022-01-03
0821746077,99403,2021-11-12
0822318085,891783,2025-06-22
0821590683,162440,2022-06-23
1850038011,178188,2022-07-24
0821871783,128149,2022-04-05
1850074706,88909,2021-09-30
0821386381,102873,2021-11-28
1850081231,103421,2021-12-01
0822058855,817476,2024-10-04
1850047395,664013,2023-09-12
0822244354,344755,2022-10-15
1850076049,107110,2021-12-21
0822312074,891663,2025-06-22
0822298344,878535,2025-05-13
0822239412,804500,2024-08-08
0821706344,10169,2020-10-08
0821348648,763769,2024-02-08
0821570261,886967,2025-06-02
0821932662,221261,2022-08-15
0822060191,894260,2025-06-30
1850108220,821204,2024-10-21
V9E0014713,855307,2025-02-19
0821537041,812082,2024-09-10
1850080013,843981,2025-01-12
0821896013,161729,2022-06-22
0821929822,815804,2024-09-26
0821705775,15926,2020-10-29
0821580189,435597,2022-12-22
1850081612,307432,2022-09-18
0821929278,827872,2024-11-14
0822215668,831869,2024-11-28
0821929495,60967,2021-05-24
0821893254,96867,2021-10-31
0822237175,706941,2023-11-28
1850077742,870429,2025-04-11
0821898406,890593,2025-06-17
0822061792,877822,2025-05-11
0821930727,136473,2022-05-21
0821537765,888739,2025-06-10
0821708490,904063,2025-07-29
0821537693,909118,2025-08-12
0821900972,700951,2023-11-06
0821589431,805632,2024-08-13
V9E0016078,855373,2025-02-19
0821871977,43669,2021-03-16
0822235736,166963,2022-07-03
1850073746,354434,2022-10-22
0822295851,70871,2021-07-11
1850074039,908236,2025-08-10
1850038178,146979,2022-06-05
0821590603,150849,2022-06-08
1850021782,93164,2021-10-18
0822233908,471012,2023-02-16
0821933678,866595,2025-03-25
0821536616,634346,2023-08-01
1850081809,112548,2022-01-23
0822297730,167955,2022-07-05
0821536359,6250,2020-09-13
0821895422,64052,2021-06-05
1850036778,881691,2025-05-18
1850080803,166171,2022-07-02
0821748665,52991,2021-04-23
V9E0010187,881441,2025-05-18
0822234067,904152,2025-07-29
0822236391,800387,2024-07-20
0821536137,871800,2025-04-16
0821386369,289328,2022-09-10
1850082264,102450,2021-11-25
0822298716,873589,2025-04-23
0821928816,552352,2023-05-14
0821931788,136321,2022-05-19
0821708501,19377,2020-11-12
1850040041,157388,2022-06-16
0821538835,877651,2025-05-10
V9E0012614,854359,2025-02-17
1850028869,667630,2023-09-17
0821705596,894596,2025-06-30
1850040025,876174,2025-05-04
1850036662,851645,2025-02-09
0822060209,302169,2022-09-15
0822311137,896663,2025-07-09
0821895520,892829,2025-06-25
0822234391,908333,2025-08-10
0821936127,702728,2023-11-13
0821580079,875482,2025-04-30
1850073855,103426,2021-12-01
0821871715,884383,2025-05-26
0821935079,866598,2025-03-25
1850077780,262537,2022-08-30
0822312325,871331,2025-04-15
0821706275,875279,2025-04-29
0821543097,135860,2022-05-18
0821385794,2049,2020-06-27
1850030763,896475,2025-07-08
1850027818,675092,2023-09-27
1850036965,139465,2022-05-26
0821587620,896026,2025-07-06
1850047486,900559,2025-07-19
0821579933,673732,2023-09-25
0821895422,60839,2021-05-23
0821589292,94822,2021-10-25
0821929495,60992,2021-05-24
0821580232,160700,2022-06-21
0821935135,627225,2023-07-19
0822298031,81463,2021-08-31
1850075789,102367,2021-11-24
0821896362,447096,2023-01-12
1850080807,851638,2025-02-09
0821872309,689636,2023-10-18
1850080667,890412,2025-06-17
1850080667,162035,2022-06-23
1850047487,155902,2022-06-14
0821243244,1402,2020-03-19
0822235531,844224,2025-01-13
1850042080,146986,2022-06-05
0821872702,822573,2024-10-27
0822233908,789677,2024-05-29
0822319918,85278,2021-09-16
1850039043,125663,2022-03-22
0821580817,5524,2020-09-06
0821872436,654507,2023-08-30
0821590813,18923,2020-11-10
0821546012,817737,2024-10-06
0821745886,35048,2021-02-18
0821579642,88892,2021-09-30
0821705449,415613,2022-11-22
1850079790,548718,2023-05-11
0821934618,140029,2022-05-27
0822058103,841765,2025-01-02
0821898197,887123,2025-06-03
0821587318,23607,2020-11-23
0821935907,507866,2023-04-06
0821586371,19261,2020-11-11
1850034892,102137,2021-11-23
0822059042,86853,2021-09-22
0821707970,755299,2024-01-02
0822237248,139848,2022-05-26
0821930449,42914,2021-03-11
0821386307,3015,2020-08-06
1850055868,125674,2022-03-22
0822298149,201088,2022-08-07
0821873898,448544,2023-01-14
0822237248,84531,2021-09-13
0821931763,518648,2023-04-18
0821873516,887137,2025-06-03
1850077628,97314,2021-11-01
1850083099,776871,2024-04-04
0821538171,153366,2022-06-12
1850034830,134479,2022-05-12
0821929931,28391,2021-01-06
0822062196,631574,2023-07-27
0822058998,865142,2025-03-20
1850034770,424440,2022-12-05
0821932478,89096,2021-09-30
V9E0017124,856782,2025-02-23
0822320197,277154,2022-09-05
0821570374,841522,2025-01-01
0821893609,846589,2025-01-21
0822319935,125617,2022-03-21
1850041991,125665,2022-03-22
1850049189,829382,2024-11-20
0821570553,827504,2024-11-13
V9E0015133,861507,2025-03-09
V9E0010890,855351,2025-02-19
V9E0014055,855347,2025-02-19
0821871715,28231,2021-01-05
0821538171,915151,2025-09-01
0822215928,917683,2025-09-10
0821590206,289427,2022-09-10
V9E0014366,855402,2025-02-19
0821746764,36021,2021-02-27
0822234323,74378,2021-08-08
1850035684,116890,2022-02-14
0821707478,7815,2020-09-26
0822060127,512568,2023-04-13
0822240720,913282,2025-08-26
0821348743,786452,2024-05-15
0821539982,864448,2025-03-18
0821542718,828398,2024-11-17
0821745616,903114,2025-07-27
0821927517,116666,2022-02-13
0821539813,28017,2021-01-03
0821873263,43196,2021-03-13
0821587206,26221,2020-12-20
0822319473,82538,2021-09-06
0822240258,510133,2023-04-10
0821927437,683813,2023-10-10
0822253604,322033,2022-09-27
0822243041,752866,2023-12-21
0821537698,792433,2024-06-10
1850031085,127317,2022-03-30
0822313398,86657,2021-09-21
0821929495,75176,2021-08-11
0821537807,780708,2024-04-22
0822236462,790813,2024-06-03
1850076611,466814,2023-02-12
0821927366,48232,2021-04-07
0821929769,49687,2021-04-12
1850049111,97786,2021-11-04
0821538835,4973,2020-08-30
1850038011,821192,2024-10-21
0822234067,904530,2025-07-29
0822238886,267668,2022-09-01
0821588850,466667,2023-02-12
V9E0012341,855349,2025-02-19
1850083086,106775,2021-12-19
1850031520,265342,2022-08-31
0822237543,685549,2023-10-12
0821543177,17849,2020-11-05
0821708635,911072,2025-08-18
0821935066,52977,2021-04-23
1850041960,89280,2021-09-30
0821934334,487305,2023-03-07
V9E0017450,856798,2025-02-23
0822234805,846590,2025-01-21
0822242276,143944,2022-06-01
0822295875,474586,2023-02-19
0821871124,33822,2021-02-12
1850049115,898936,2025-07-15
0821585930,827744,2024-11-14
1850108249,103425,2021-12-01
0822063494,295296,2022-09-12
0821746598,93003,2021-10-18
0821934172,798908,2024-07-14
1850076248,854983,2025-02-18
1850081574,243046,2022-08-23
0821873789,843954,2025-01-12
1850054466,128657,2022-04-07
1850039002,480992,2023-02-27
0822236035,65802,2021-06-11
V9E0011871,866247,2025-03-24
0821892296,843438,2025-01-09
V9E0011610,863625,2025-03-16
0821932562,893716,2025-06-28
0821586507,144303,2022-06-01
0822296062,143326,2022-05-31
0821895099,117387,2022-02-15
1850049025,149590,2022-06-07
0821386152,847884,2025-01-26
0821932655,160196,2022-06-20
0821934087,100284,2021-11-16
0821929734,97464,2021-11-02
0822296170,895983,2025-07-06
0821929289,307387,2022-09-18
0821586630,790826,2024-06-03
0822236413,432739,2022-12-18
0822253526,816582,2024-09-30
0821707120,822771,2024-10-28
V9E0015017,851612,2025-02-09
0821537738,16935,2020-11-02
0822295750,65902,2021-06-12
1850074671,564762,2023-05-25
0821585951,46686,2021-03-29
0821935198,134141,2022-05-11
0822236551,770508,2024-03-07
V9E0016813,855968,2025-02-20
1850108435,118769,2022-02-22
0821587620,123662,2022-03-14
0821705449,878497,2025-05-13
V9E0012773,896944,2025-07-09
0822312455,310944,2022-09-20
0822254147,913790,2025-08-28
0822298618,769171,2024-03-03
0821541572,496458,2023-03-19
0822319172,78282,2021-08-25
1850031939,770412,2024-03-07
0822061074,87965,2021-09-27
1850034892,870266,2025-04-10
0821936142,450916,2023-01-17
0821546014,32860,2021-02-06
0821706609,7967,2020-09-27
0821893582,173037,2022-07-17
0821931080,580701,2023-06-07
0821580359,459567,2023-01-31
0821873994,136304,2022-05-19
0822236492,173754,2022-07-18
0821707302,166345,2022-07-02
0821386307,849033,2025-01-30
1850075406,108007,2021-12-26
1850037244,89843,2021-10-04
0821934112,62036,2021-05-27
0822235792,885093,2025-05-28
0822064796,174871,2022-07-20
1850048008,119691,2022-02-27
0822319847,90917,2021-10-10
1850075395,870984,2025-04-14
0821873116,300739,2022-09-14
0821590035,350606,2022-10-19
0822060684,356487,2022-10-24
0822234117,136937,2022-05-23
1850109096,706623,2023-11-27
0821579933,22689,2020-11-20
0821897210,187386,2022-08-01
1850082401,837797,2024-12-18
1850034553,463962,2023-02-06
1850034770,175038,2022-07-20
0822239699,116678,2022-02-13
1180122923,906295,2025-08-04
1850038089,135207,2022-05-16
0821929931,175194,2022-07-20
0821894436,62657,2021-05-30
0821580925,84033,2021-09-12
1850039116,128659,2022-04-07
0821931072,186839,2022-08-01
0821897580,51936,2021-04-19
0821891363,590757,2023-06-15
0821537730,36171,2021-03-01
1850028161,122641,2022-03-10
0821894543,903839,2025-07-28
0821211263,3721,2020-08-16
0822312445,594824,2023-06-18
0821579555,683881,2023-10-10
0821536642,633640,2023-07-31
0821935135,711243,2023-12-14
0822238570,69903,2021-07-05
0821539897,34779,2021-02-17
0821900716,290326,2022-09-10
0822236410,423769,2022-12-04
1850040025,94891,2021-10-25
1850039805,645412,2023-08-17
0821706255,885683,2025-05-29
0822244160,87065,2021-09-23
0821872762,57426,2021-05-08
0821929495,75165,2021-08-11
0822242257,477019,2023-02-22
0821895422,62001,2021-05-27
V9E0010886,855640,2025-02-19
0821892981,851425,2025-02-08
0821897536,90819,2021-10-10
0821871973,432846,2022-12-18
0821870961,58494,2021-05-11
0821542707,466365,2023-02-11
0822239165,75093,2021-08-11
0822235616,112159,2022-01-20
0822208612,69299,2021-07-04
0821590603,451534,2023-01-18
0821871044,276988,2022-09-05
0822253824,564746,2023-05-25
0821893092,367466,2022-11-03
0821745778,490820,2023-03-11
0821587225,619781,2023-07-06
1850048170,208383,2022-08-10
1850077556,103117,2021-11-29
0822321581,312859,2022-09-21
0822064796,909566,2025-08-13
1850037244,351734,2022-10-20
0821748384,915850,2025-09-03
0821385811,2181,2020-06-30
1850075844,109248,2022-01-04
1850028171,846201,2025-01-20
0821894449,80680,2021-08-29
0821931174,435047,2022-12-21
1850054054,404413,2022-11-10
0821897234,445385,2023-01-09
1850079535,97274,2021-11-01
0821579555,520965,2023-04-20
0822238604,763726,2024-02-08
0821570559,3322,2020-08-12
0821873800,113819,2022-01-29
0821385797,357203,2022-10-25
0821801295,112021,2022-01-20
0822065197,475424,2023-02-20
0822241756,548325,2023-05-11
0821298630,123288,2022-03-13
0821871703,53569,2021-04-25
0822066176,175702,2022-07-21
0821707620,807885,2024-08-22
0822235638,361522,2022-10-29
0821210954,2087,2020-06-29
0821585739,194152,2022-08-04
0821935379,911925,2025-08-21
1850037330,118828,2022-02-22
0821896957,52997,2021-04-23
0821871977,43699,2021-03-16
0821934251,47297,2021-03-31
0822236040,267631,2022-09-01
0821746589,647540,2023-08-20
0821579883,491641,2023-03-12
0822236180,194944,2022-08-04
0822236251,77306,2021-08-22
0821932512,626827,2023-07-18
0821536670,589147,2023-06-13
0821585739,762636,2024-02-04
0822313390,766849,2024-02-21
1850028170,123988,2022-03-15
0822210096,67925,2021-06-27
0821932890,42693,2021-03-10
0821708284,408372,2022-11-16
0821580321,451792,2023-01-18
1850080202,594433,2023-06-18
1850049327,653217,2023-08-28
1850081767,135203,2022-05-16
0821211216,2554,2020-07-14
0822319080,83669,2021-09-09
0821705646,538127,2023-05-04
0821537055,706824,2023-11-28
0821545856,49229,2021-04-11
0822061235,570903,2023-05-30
0821934459,473359,2023-02-18
0821894035,885036,2025-05-28
1850080962,895921,2025-07-06
0821932931,887121,2025-06-03
0822059042,112054,2022-01-20
0822065922,633084,2023-07-30
0822059590,789217,2024-05-27
0822242891,174858,2022-07-20
0821211373,112848,2022-01-24
0821872762,49562,2021-04-12
0821705012,52867,2021-04-22
0821580253,796887,2024-07-03
1850082521,871118,2025-04-14
0821897765,136113,2022-05-19
0822234236,75563,2021-08-15
0822312468,460366,2023-02-01
0821536506,47527,2021-04-01
0822243750,765348,2024-02-15
0821872309,300036,2022-09-14
1850034079,98566,2021-11-08
0821873590,903183,2025-07-27
0822209564,902895,2025-07-26
0821580079,254290,2022-08-27
0821210100,133754,2022-05-10
1850079007,866274,2025-03-25
0822315577,81754,2021-09-01
0821705166,508933,2023-04-09
1850048185,770407,2024-03-07
0821874019,404758,2022-11-11
0821873590,480360,2023-02-26
0821895422,60330,2021-05-22
1850048709,102301,2021-11-24
0822312289,85388,2021-09-16
1850081809,324990,2022-09-29
0821896141,425859,2022-12-07
0821893191,44155,2021-03-17
0822298696,105864,2021-12-14
1850047313,852264,2025-02-11
0822321561,86601,2021-09-21
1850041635,461478,2023-02-03
1850039525,99197,2021-11-11
0822297730,873405,2025-04-23
1850076049,851641,2025-02-09
0821590593,812654,2024-09-12
0822242091,344750,2022-10-15
0821930380,137071,2022-05-23
1850081781,147183,2022-06-05
0821537694,4237,2020-08-24
0821589882,507238,2023-04-05
0821931167,495011,2023-03-16
1850082257,873443,2025-04-23
0821873904,115503,2022-02-06
0821590333,32995,2021-02-07
0821934855,87360,2021-09-24
0821893191,284696,2022-09-08
1850040999,122038,2022-03-08
0821930428,122912,2022-03-12
0821870994,407758,2022-11-15
0821872844,53667,2021-04-25
0821871790,802851,2024-08-01
1850031534,751891,2023-12-18
1850082965,805518,2024-08-13
0822216095,118730,2022-02-21
0821545281,674222,2023-09-26
0822242972,374069,2022-11-10
0821580232,109261,2022-01-04
0821895838,105823,2021-12-14
0822254234,78484,2021-08-25
0822063987,119584,2022-02-26
1850081751,108080,2021-12-26
0821895520,72453,2021-07-29
0822065862,99730,2021-11-14
0821895545,95951,2021-10-27
0822238445,496502,2023-03-19
0821586533,548440,2023-05-11
0821927437,888906,2025-06-11
0822060882,507818,2023-04-06
0821929592,209008,2022-08-10
0821930869,710357,2023-12-11
0822295915,76383,2021-08-18
0821932037,492459,2023-03-13
0821386322,783527,2024-05-02
0821211189,102500,2021-11-25
0822058656,65377,2021-06-09
0822234541,137019,2022-05-23
0821543743,34367,2021-02-15
0822319935,790787,2024-06-03
1850038923,92800,2021-10-17
0821895118,824673,2024-11-04
0821211498,1361,2020-03-15
0821871542,42388,2021-03-08
0822058400,292583,2022-09-11
0822233908,303460,2022-09-16
0821931072,335565,2022-10-08
0821539145,132702,2022-04-28
0821893609,703367,2023-11-14
0821546094,704078,2023-11-16
0821892521,792464,2024-06-10
0821931410,58829,2021-05-17
0821539848,555846,2023-05-17
0821705449,104205,2021-12-06
0821931741,323502,2022-09-28
0821390530,892136,2025-06-23
V9E0006750,855304,2025-02-19
0822313043,835177,2024-12-10
0822319217,77357,2021-08-22
0821580852,677567,2023-10-01
0822059012,77849,2021-08-23
0821927899,588361,2023-06-13
0821895284,88990,2021-09-30
0822236413,67453,2021-06-24
0821539168,418127,2022-11-26
0821934251,443388,2023-01-05
1850108520,95796,2021-10-27
1850075844,699847,2023-11-02
0821935151,860333,2025-03-05
V9E0011297,855306,2025-02-19
0822240245,569333,2023-05-29
0821928053,423389,2022-12-03
1850075074,905199,2025-07-31
1850030766,449601,2023-01-15
0821581043,6155,2020-09-13
0822234561,70014,2021-07-06
0821587365,14294,2020-10-25
0822315552,80602,2021-08-29
0821931281,56518,2021-05-05
0821705337,693704,2023-10-24
0821901026,789208,2024-05-27
0821935896,837273,2024-12-17
0821801295,47520,2021-04-01
0821930709,464970,2023-02-07
0821898239,805608,2024-08-13
0822312014,78860,2021-08-26
0821579459,21172,2020-11-17
0821587205,456719,2023-01-24
0822234561,792594,2024-06-10
0821897407,443062,2023-01-05
0821589850,13952,2020-10-24
0821705852,10278,2020-10-08
0822060882,98272,2021-11-07
0821898696,43050,2021-03-12
0821897342,109679,2022-01-06
0822058090,322160,2022-09-27
0821707996,465943,2023-02-09
0821707209,422583,2022-12-01
0821587684,452803,2023-01-19
0821896594,43700,2021-03-16
0821705601,699771,2023-11-02
0821935891,88092,2021-09-27
0822242214,75010,2021-08-11
0822237955,95044,2021-10-25
0822211572,682101,2023-10-08
0822295981,74452,2021-08-09
0821545697,26930,2020-12-25
1850049124,128120,2022-04-05
0821545281,149516,2022-06-07
0822253026,78858,2021-08-26
0822254144,95369,2021-10-26
0822298850,441367,2023-01-02
1850079060,93929,2021-10-20
0821537330,881435,2025-05-18
0822298008,913403,2025-08-26
0822235709,72095,2021-07-27
0821894649,65144,2021-06-07
0822234774,74091,2021-08-08
0821935753,143500,2022-05-31
1850080803,682202,2023-10-08
0821928118,418958,2022-11-27
0821872762,62435,2021-05-29
0821536124,8658,2020-09-29
0821935753,143481,2022-05-31
0821895225,56149,2021-05-05
0821927437,786123,2024-05-14
0821586553,13373,2020-10-22
0821930144,872236,2025-04-17
0822321606,160226,2022-06-20
0822236180,81385,2021-08-31
0822237543,827597,2024-11-13
0821538541,777765,2024-04-08
0821709299,899062,2025-07-15
0821545806,701110,2023-11-07
0821537198,678424,2023-10-03
0822238334,75444,2021-08-14
0822238805,139767,2022-05-26
0822239908,895309,2025-07-02
0821537730,765125,2024-02-14
0821542650,15772,2020-10-29
1850077803,143954,2022-06-01
0822298126,86236,2021-09-20
0822235792,77519,2021-08-23
0821936309,133738,2022-05-10
0822313269,759836,2024-01-22
0821897938,125158,2022-03-20
1850077510,100586,2021-11-17
0821873789,679162,2023-10-04
0821897580,133419,2022-05-09
1850108597,107222,2021-12-21
0821894699,50857,2021-04-15
0821936437,73007,2021-08-02
0822235460,599176,2023-06-20
0821708638,11816,2020-10-15
0821587620,19213,2020-11-11
0821873904,833885,2024-12-04
0822237995,76720,2021-08-19
0821390497,52015,2021-04-20
0822064445,489572,2023-03-09
0821895422,59826,2021-05-20
0822254245,161566,2022-06-22
0822235187,75205,2021-08-11
0822319080,831742,2024-11-27
0821871703,829117,2024-11-19
1850109087,842570,2025-01-06
0821893924,47633,2021-04-03
0822211965,81630,2021-09-01
0821536644,784343,2024-05-07
0821932005,111701,2022-01-18
1850037164,870985,2025-04-14
0821928486,805667,2024-08-13
0821543471,24915,2020-11-29
0821708304,13537,2020-10-22
1850033974,147130,2022-06-05
0821706609,7974,2020-09-27
1850035066,229201,2022-08-18
0821593101,54899,2021-04-28
1850075924,92391,2021-10-14
0822298283,917968,2025-09-11
1850076821,90026,2021-10-05
0821579438,148147,2022-06-06
0821538283,18091,2020-11-07
0821897580,822795,2024-10-28
0821538807,892716,2025-06-25
0821708003,828848,2024-11-19
0822243857,83103,2021-09-08
0822236391,466440,2023-02-11
1850077477,89866,2021-10-04
0821539192,5715,2020-09-08
0821936135,106587,2021-12-19
0822061423,135524,2022-05-17
0821928152,134944,2022-05-15
0821587206,682747,2023-10-09
0821895422,60297,2021-05-22
0821537198,437100,2022-12-25
0821874056,472942,2023-02-17
0821892759,28468,2021-01-06
0821748409,228899,2022-08-18
1850076480,126674,2022-03-28
0821591162,447504,2023-01-12
0821538925,872967,2025-04-21
1850031940,435530,2022-12-22
0821579459,21080,2020-11-17
0821896013,834633,2024-12-08
0822239165,350370,2022-10-19
0822243531,78642,2021-08-26
0822239908,711186,2023-12-14
0822242415,78498,2021-08-25
0822242091,631320,2023-07-26
0821870960,72643,2021-08-01
0821747258,642900,2023-08-13
0821587227,884762,2025-05-27
0821537765,501941,2023-03-27
0822233962,70542,2021-07-08
0821211189,1033,2020-02-04
0821934175,52075,2021-04-20
0822237067,75918,2021-08-16
0821587773,44289,2021-03-18
0822239148,76325,2021-08-17
0821931998,52507,2021-04-21
0822244204,100071,2021-11-15
0821933217,208098,2022-08-10
0822296168,318696,2022-09-25
0821871068,31517,2021-01-26
0821543640,688345,2023-10-16
0821746717,560209,2023-05-21
0822243826,81532,2021-08-31
1850033942,772661,2024-03-17
0821536868,782252,2024-04-29
0821545697,136283,2022-05-19
0821539819,92233,2021-10-14
0821871981,771788,2024-03-13
0821580253,226577,2022-08-17
0821932189,28477,2021-01-06
0821708098,575981,2023-06-04
0821932655,96865,2021-10-31
0821537055,709499,2023-12-07
1850048609,96508,2021-10-30
1850057086,426596,2022-12-08
0821747157,51531,2021-04-18
0821933376,44510,2021-03-19
0821537217,822488,2024-10-27
0821580806,131226,2022-04-20
0821930979,41854,2021-03-03
0822244052,85954,2021-09-19
0821898675,93399,2021-10-19
1850038461,872620,2025-04-20
0821872762,50788,2021-04-15
0821536644,852616,2025-02-12
1850076611,120810,2022-03-03
1850083237,121398,2022-03-06
0821590813,665149,2023-09-13
0822298330,571153,2023-05-30
0821586869,865381,2025-03-21
0821929702,191933,2022-08-03
0821931763,95613,2021-10-26
0821897234,587511,2023-06-12
0821585739,437022,2022-12-25
1850082673,895159,2025-07-02
0821873802,135516,2022-05-17
0821895422,60342,2021-05-22
0821893582,51515,2021-04-18
0821931699,47669,2021-04-03
0821874048,45432,2021-03-23
1850042036,152437,2022-06-11
V9E0015784,874406,2025-04-27
1850047722,123732,2022-03-14
0821586869,124711,2022-03-17
V9E0015782,860415,2025-03-05
0821897607,347547,2022-10-17
0821385788,2800,2020-07-21
0821587318,772608,2024-03-17
1850026071,769809,2024-03-05
0821892844,174403,2022-07-19
0822311960,87877,2021-09-26
0821895880,805901,2024-08-14
0822295892,120182,2022-03-01
1850029981,125230,2022-03-20
0821543743,19468,2020-11-12
0822060999,61145,2021-05-24
1850079272,543512,2023-05-08
0822237175,134543,2022-05-12
0821800842,118775,2022-02-22
0822244008,781035,2024-04-23
0821900716,803872,2024-08-05
1180123808,908230,2025-08-10
0821706804,194019,2022-08-04
0822312251,85723,2021-09-19
0821874039,54398,2021-04-27
0821541525,34876,2021-02-18
0821709211,27968,2021-01-03
0821570361,8006,2020-09-27
0821893731,51269,2021-04-17
1850035382,102708,2021-11-26
0821537693,472962,2023-02-17
0821536359,494746,2023-03-16
0822254248,83269,2021-09-08
0821894521,46905,2021-03-30
1850037367,102585,2021-11-25
0821539168,158970,2022-06-19
1850077769,437957,2022-12-26
0821896589,108631,2021-12-30
0821386141,879804,2025-05-15
0821542916,32041,2021-02-01
1850038697,899433,2025-07-16
0822312822,653954,2023-08-29
0822236179,78306,2021-08-25
1850041603,426746,2022-12-08
0821873263,792436,2024-06-10
0822233298,896415,2025-07-08
0822060405,302296,2022-09-15
0822063630,789202,2024-05-27
0821542916,32086,2021-02-01
0821707004,26473,2020-12-23
0821798092,776612,2024-04-03
0821892537,114893,2022-02-02
0821894650,135494,2022-05-17
0821929350,61938,2021-05-27
0822216096,74677,2021-08-10
0821589407,14843,2020-10-26
0821932655,486083,2023-03-05
0822295617,67638,2021-06-26
0822235683,71536,2021-07-15
0822297574,180803,2022-07-27
0821390511,3770,2020-08-17
1850076145,104028,2021-12-05
0821897580,477270,2023-02-22
0821928244,190347,2022-08-03
0821930449,120419,2022-03-02
0822235460,488306,2023-03-08
1850041724,121803,2022-03-08
0821935766,855490,2025-02-19
0821545428,873081,2025-04-22
1850081904,91853,2021-10-13
0821931072,816383,2024-09-29
0822238484,337814,2022-10-10
0821543471,24919,2020-11-29
0821536401,11101,2020-10-13
0821570523,638341,2023-08-06
0821894649,469484,2023-02-15
0822244160,161746,2022-06-22
1850029992,118361,2022-02-20
0821893806,52128,2021-04-20
0821707430,9833,2020-10-06
0822207851,902828,2025-07-26
0821543640,15920,2020-10-29
0821539982,14555,2020-10-26
1850050552,221188,2022-08-15
0822242415,817121,2024-10-02
0821706609,7968,2020-09-27
0821931126,55863,2021-05-04
0821536470,4200,2020-08-23
1850037855,161614,2022-06-22
0821930144,32019,2021-01-31
0822060389,60722,2021-05-23
0821545697,26934,2020-12-25
0821930455,105530,2021-12-13
0821579438,637401,2023-08-05
1850054054,902352,2025-07-23
0821211373,30383,2021-01-18
0821872436,773354,2024-03-20
0821895422,59007,2021-05-17
0821588305,25245,2020-12-07
0821900907,790472,2024-06-02
0822058844,290314,2022-09-10
0821872762,49828,2021-04-13
0821873802,358860,2022-10-27
0821542522,755043,2023-12-31
0821748682,332551,2022-10-05
1850049275,450189,2023-01-16
0821895242,50023,2021-04-13
0821928071,43923,2021-03-17
0822311637,90227,2021-10-06
0822295771,124430,2022-03-16
0821873263,406397,2022-11-13
0822297948,404579,2022-11-10
0822243548,84987,2021-09-15
0821708356,9005,2020-10-01
1850074233,427670,2022-12-10
0821543577,811544,2024-09-08
0821897050,95298,2021-10-26
0821580563,789744,2024-05-29
1850079474,572126,2023-05-31
0822298491,84626,2021-09-14
1850057086,808375,2024-08-25
0821705899,36013,2021-02-27
1850081751,787838,2024-05-21
0822253328,90197,2021-10-06
0822063995,54808,2021-04-28
0821211498,847968,2025-01-26
1850080371,151608,2022-06-09
0821935571,49379,2021-04-12
0821895422,62573,2021-05-30
0821895422,60401,2021-05-22
0822240222,72695,2021-08-01
0822241339,80573,2021-08-29
0821930857,86914,2021-09-22
1850082002,101689,2021-11-22
1850056635,99113,2021-11-10
0821542914,16401,2020-10-31
0821579883,24426,2020-11-28
0822295855,76626,2021-08-18
1850034080,93106,2021-10-18
0821350228,73081,2021-08-02
0821590035,663358,2023-09-11
0821570261,3538,2020-08-13
0822296323,209128,2022-08-10
0822238043,357241,2022-10-25
0821871715,913844,2025-08-28
1850054266,94242,2021-10-21
0821543471,24776,2020-11-29
0821543812,20640,2020-11-16
0822236952,85198,2021-09-15
0821580804,278962,2022-09-06
0821588535,640353,2023-08-09
0821580851,65792,2021-06-11
0821895422,60386,2021-05-22
1850078113,101503,2021-11-21
0821928429,54405,2021-04-27
0821895118,50532,2021-04-14
0821893432,53564,2021-04-25
0821892531,193799,2022-08-04
0822238087,69727,2021-07-05
0821895340,134015,2022-05-11
0821570474,4468,2020-08-25
0821243344,1453,2020-04-01
0821936142,56910,2021-05-06
1850021561,116965,2022-02-14
1850054252,103098,2021-11-29
0821586507,648906,2023-08-22
0821589407,169694,2022-07-07
0822063762,622371,2023-07-11
0822236011,160535,2022-06-21
0821872992,53227,2021-04-24
0822240245,76635,2021-08-18
1850079790,89708,2021-10-04
0822058756,277107,2022-09-05
0821588008,102425,2021-11-25
0821897172,63844,2021-06-03
0821745889,99508,2021-11-13
0821543743,19483,2020-11-12
0821589882,178832,2022-07-25
0821536437,8869,2020-09-30
0821543471,24786,2020-11-29
0821579983,312371,2022-09-21
0821537217,5588,2020-09-07
0821929563,121691,2022-03-07
0821896752,51972,2021-04-19
0822312979,78727,2021-08-26
0821536642,4833,2020-08-29
0822243467,789652,2024-05-29
0821706255,30900,2021-01-21
0821873109,109533,2022-01-05
0821707808,463289,2023-02-05
0821746858,99798,2021-11-14
0821898251,50345,2021-04-14
0821931168,46820,2021-03-29
0821893836,49833,2021-04-13
0821894694,649958,2023-08-23
0822295915,468362,2023-02-14
0821895928,44262,2021-03-18
0821934087,48815,2021-04-11
0821585757,109525,2022-01-05
0821927637,54903,2021-04-28
0821385806,104124,2021-12-06
1850037141,118057,2022-02-17
0821895422,60361,2021-05-22
1850030051,842645,2025-01-06
0822212551,69267,2021-07-04
0821706031,10734,2020-10-11
0822236780,78089,2021-08-24
0822314993,766679,2024-02-20
0822253526,88616,2021-09-29
0822311574,679108,2023-10-04
0821893254,117825,2022-02-16
1850080244,487669,2023-03-07
0821539192,808543,2024-08-26
0821587206,130531,2022-04-16
0822239433,904104,2025-07-29
0822235570,903208,2025-07-27
0822243981,914522,2025-08-30
0821798764,912104,2025-08-21
0821894650,497321,2023-03-20
1850037790,89505,2021-10-03
0822235662,127908,2022-04-04
0822065262,62690,2021-05-30
1850108715,787836,2024-05-21
0821928588,700827,2023-11-06
0821870994,53280,2021-04-24
0821900985,178669,2022-07-25
0822238570,711183,2023-12-14
0822319579,81184,2021-08-30
0821705392,755866,2024-01-04
0821541572,764282,2024-02-11
0822239715,673293,2023-09-25
0822064104,779432,2024-04-16
0821871340,792355,2024-06-09
0821587318,774806,2024-03-26
0822239148,898209,2025-07-13
0821927730,56055,2021-05-05
0821873800,684373,2023-10-11
0821873263,633617,2023-07-31
0821705593,160293,2022-06-20
0822234805,71446,2021-07-14
0821895422,58408,2021-05-11
0821873789,51739,2021-04-19
0821543727,98667,2021-11-09
0821895422,62548,2021-05-30
0821348700,2661,2020-07-16
0821390511,3788,2020-08-17
0821896908,53852,2021-04-25
0821928588,50102,2021-04-13
0821874019,62562,2021-05-30
0822298008,822577,2024-10-27
0822236908,685667,2023-10-12
0821745301,27248,2020-12-28
0821580531,634364,2023-08-01
0821537198,6363,2020-09-14
0821545697,26925,2020-12-25
0821589823,19497,2020-11-12
0821896565,848971,2025-01-29
0822242051,788007,2024-05-21
0821872367,49227,2021-04-11
0821893082,29121,2021-01-12
0822062466,72427,2021-07-29
0821387281,73088,2021-08-02
0821578380,73145,2021-08-02
0821895422,63214,2021-06-01
0822065197,61871,2021-05-27
0821586915,20856,2020-11-16
0821706348,9782,2020-10-05
0821873800,576887,2023-06-05
1850037848,428100,2022-12-11
0821570103,902219,2025-07-23
0821580005,138710,2022-05-25
0821570289,73099,2021-08-02
0821874039,486835,2023-03-06
0821708490,17863,2020-11-05
0821705755,771894,2024-03-13
0821539145,124420,2022-03-16
0821211373,27183,2020-12-27
0822253274,82275,2021-09-05
0821348648,2704,2020-07-19
0822296092,109531,2022-01-05
0821579642,14281,2020-10-25
0822298491,556002,2023-05-17
1850076063,813656,2024-09-17
0822237064,76500,2021-08-18
0821545432,463164,2023-02-05
0821580189,19428,2020-11-12
0821895422,62485,2021-05-30
0821586879,342035,2022-10-13
0821893731,473505,2023-02-18
0821930597,917961,2025-09-11
0821587365,325287,2022-09-29
0821871790,91295,2021-10-11
1850082368,178551,2022-07-25
0821929322,53387,2021-04-24
0822321414,82169,2021-09-04
0821871738,29595,2021-01-15
0821546012,884751,2025-05-27
V9E0012176,855376,2025-02-19
0822321561,886316,2025-05-31
1850075180,137733,2022-05-24
0821929278,789681,2024-05-29
0822242091,73504,2021-08-04
0821900822,449209,2023-01-15
0822242270,476138,2023-02-21
0822242560,83165,2021-09-08
0821872762,57425,2021-05-08
0821541572,31162,2021-01-24
0822063924,629323,2023-07-23
0822240295,684830,2023-10-11
0822296157,68053,2021-06-28
0821706363,760441,2024-01-24
0821898710,910854,2025-08-18
0821928543,913821,2025-08-28
0821210949,871788,2025-04-16
1850042147,103403,2021-11-30
0821929495,60955,2021-05-24
0821587975,110199,2022-01-10
0822320125,109719,2022-01-08
0821872762,49730,2021-04-12
0821705646,11639,2020-10-15
0821536137,6919,2020-09-20
1850079220,124741,2022-03-17
0821536648,4227,2020-08-24
0821930109,55220,2021-04-30
0821895274,52551,2021-04-21
0821932478,777615,2024-04-08
0821543471,24765,2020-11-29
1850077720,149504,2022-06-07
0821705012,117425,2022-02-15
0822243806,86358,2021-09-20
0821933678,552872,2023-05-14
0821542916,32084,2021-02-01
0821390497,5150,2020-09-01
0821542522,33363,2021-02-09
0821708906,109518,2022-01-05
0821748486,27377,2020-12-28
0822244204,87956,2021-09-27
0821891804,662696,2023-09-10
1850034503,128465,2022-04-06
0821895422,63163,2021-06-01
0821933237,45859,2021-03-24
0821927935,83385,2021-09-08
0821896505,45265,2021-03-22
0822216109,74845,2021-08-10
0821896505,796049,2024-06-30
0821934138,94599,2021-10-24
0822235736,125453,2022-03-21
0821931433,88124,2021-09-27
0821872854,85465,2021-09-16
0821900972,60620,2021-05-23
0821930669,117200,2022-02-14
0822314924,862761,2025-03-12
0821707379,11410,2020-10-14
0822241182,682098,2023-10-08
0821586463,684151,2023-10-10
0822237905,125143,2022-03-20
1850108805,95473,2021-10-26
0821546063,773355,2024-03-20
0821871763,789509,2024-05-28
1850035552,114188,2022-01-31
0822314806,87487,2021-09-25
0821708610,109236,2022-01-04
1850048612,157583,2022-06-16
1850047874,93787,2021-10-20
0821536648,297901,2022-09-13
0821929278,586952,2023-06-12
1850038089,787841,2024-05-21
0821895225,372164,2022-11-07
0822241543,672740,2023-09-24
0821897407,128762,2022-04-08
0821536855,135972,2022-05-18
0821540067,166803,2022-07-03
0822315526,179493,2022-07-26
1850031403,131708,2022-04-21
1850021852,847880,2025-01-26
0821537913,14589,2020-10-26
0822234535,65783,2021-06-11
0821544042,20165,2020-11-15
0821929049,109015,2022-01-03
0821871311,96067,2021-10-28
0822060338,106409,2021-12-17
1850049327,104188,2021-12-06
0822216159,64848,2021-06-06
0821897050,107433,2021-12-22
0822319282,84579,2021-09-13
0821748682,46205,2021-03-27
0822312923,85285,2021-09-16
0821891548,52829,2021-04-22
0821895692,43357,2021-03-14
0821932002,44756,2021-03-21
0821585951,111872,2022-01-19
0821350721,607615,2023-06-25
0821896831,53921,2021-04-26
0821873747,147640,2022-06-06
0822235736,807101,2024-08-19
0821543400,22491,2020-11-19
0822296170,852532,2025-02-12
0821537738,500607,2023-03-25
0822237218,326509,2022-09-30
1850108715,100605,2021-11-17
0822253270,86556,2021-09-21
0821873116,110990,2022-01-15
0821935766,837615,2024-12-17
0821872561,49316,2021-04-12
0821895422,59885,2021-05-20
0821898377,501176,2023-03-26
0821543577,34924,2021-02-18
1850079236,101779,2021-11-22
1850047323,161259,2022-06-22
1850035492,766756,2024-02-21
0821587620,700914,2023-11-06
1850080559,126830,2022-03-28
0822312700,786299,2024-05-14
0821707480,313164,2022-09-22
0821936493,873616,2025-04-23
0822236089,821038,2024-10-20
0822236040,860160,2025-03-05
0821895422,60003,2021-05-20
0821581164,35162,2021-02-20
0821536543,4903,2020-08-29
0821543111,23872,2020-11-24
1850077062,121448,2022-03-07
0821543400,780049,2024-04-18
0821706021,71688,2021-07-19
0821927437,150871,2022-06-08
0822216092,334422,2022-10-06
1850035522,853883,2025-02-16
0821390497,105538,2021-12-13
0821873753,47302,2021-03-31
0822254147,313295,2022-09-22
1850082733,93078,2021-10-18
0822237473,76034,2021-08-17
1850031956,161231,2022-06-22
0821893107,48718,2021-04-10
0821892419,118399,2022-02-20
0821211317,512,2019-12-04
0821539897,647318,2023-08-20
1850035482,787842,2024-05-21
0821745778,589287,2023-06-14
0822321581,626519,2023-07-18
0821705244,8130,2020-09-27
0821545697,26907,2020-12-25
0822319619,797069,2024-07-04
0821932863,54137,2021-04-26
0821933598,89209,2021-09-30
0821386322,3002,2020-08-05
0822236278,425051,2022-12-06
0821798764,869933,2025-04-09
0821896677,45857,2021-03-24
1850082931,113573,2022-01-27
0821894543,103329,2021-11-30
0821893151,912083,2025-08-21
0821543177,831324,2024-11-26
0821872762,52740,2021-04-22
0821933217,838675,2024-12-22
1850035066,126092,2022-03-23
0821895422,63411,2021-06-02
0821895422,59843,2021-05-20
0821585930,122303,2022-03-09
0822235065,79296,2021-08-28
0821542916,32100,2021-02-01
0821896561,68936,2021-06-30
0821114884,718,2020-01-06
1850038744,113555,2022-01-27
1850025668,678552,2023-10-03
0821893082,29122,2021-01-12
0821871124,644429,2023-08-15
0821536211,8925,2020-10-01
0821542914,26163,2020-12-19
0821579608,19285,2020-11-11
0822234774,690375,2023-10-19
0822238543,488393,2023-03-08
1850077100,99091,2021-11-10
0822234043,81894,2021-09-02
0822242419,76287,2021-08-17
0822244033,124977,2022-03-19
0822253049,110621,2022-01-12
0821707997,10990,2020-10-13
0822298074,83449,2021-09-09
0822235542,67162,2021-06-23
0822237088,76059,2021-08-17
0822242355,72265,2021-07-28
1850037232,164698,2022-06-28
0822254207,87474,2021-09-25
0821589108,20494,2020-11-16
0822298716,873411,2025-04-23
0821536642,884036,2025-05-25
0822061792,65269,2021-06-08
V9E0014719,855350,2025-02-19
1850039498,796238,2024-07-01
0821896558,50117,2021-04-13
0822243563,620156,2023-07-06
0822062507,678095,2023-10-02
0821541414,64863,2021-06-06
0821706726,498232,2023-03-21
0822311145,79221,2021-08-28
1850037050,177469,2022-07-23
0821935435,62147,2021-05-29
0821933020,844958,2025-01-15
0822210096,683942,2023-10-10
0821892708,48001,2021-04-05
0822235689,71421,2021-07-14
0821579883,24430,2020-11-28
1850038168,110825,2022-01-13
0822240250,76527,2021-08-18
1850029992,585648,2023-06-11
0822238786,752515,2023-12-20
1850082874,99651,2021-11-14
0821580079,19999,2020-11-14
0821590333,805499,2024-08-13
V9E0010875,855352,2025-02-19
1850080559,851640,2025-02-09
1850037610,95813,2021-10-27
0821871979,44914,2021-03-21
0821931572,36196,2021-03-01
0821897115,874387,2025-04-27
0822243648,79089,2021-08-27
0821936135,105903,2021-12-14
0822242419,77059,2021-08-20
0821709224,27133,2020-12-27
0822063326,81167,2021-08-30
0821892844,858669,2025-02-27
0822236200,67844,2021-06-27
0822295946,63971,2021-06-05
0821298623,3186,2020-08-11
0821928715,852686,2025-02-12
1850036500,116942,2022-02-14
0821872992,177392,2022-07-23
0822241132,74203,2021-08-08
0821588850,17814,2020-11-05
0821931982,94942,2021-10-25
0821387281,27483,2020-12-28
0821593101,54907,2021-04-28
0821298489,8965,2020-10-01
0821930455,34428,2021-02-15
0821592989,21389,2020-11-17
0821895545,826499,2024-11-11
1850037855,621488,2023-07-09
1850035492,810574,2024-09-03
0821539848,20628,2020-11-16
0821892430,43156,2021-03-13
0821897533,46860,2021-03-30
0822215371,71096,2021-07-13
0822240295,94016,2021-10-20
0822233825,831570,2024-11-27
0821892016,28745,2021-01-10
1850108717,89141,2021-09-30
0821934687,668501,2023-09-18
0821933349,277297,2022-09-05
0822236910,65308,2021-06-08
0821894088,57149,2021-05-07
0821872654,756931,2024-01-09
V9E0012783,879078,2025-05-14
0822320181,506540,2023-04-04
0822298587,753379,2023-12-24
0821348820,2576,2020-07-14
0822296092,80549,2021-08-29
0821895422,63126,2021-06-01
1850048318,104207,2021-12-06
0821539111,755811,2024-01-04
0822311700,835956,2024-12-12
1850033419,118817,2022-02-22
0822298437,373714,2022-11-09
0821933686,757114,2024-01-10
0822236503,910658,2025-08-17
0821931503,902206,2025-07-23
0822312080,81722,2021-09-01
0821706179,455418,2023-01-23
0822058756,123994,2022-03-15
0821929899,88619,2021-09-29
0822312822,855750,2025-02-19
0821579983,881476,2025-05-18
1850081009,415076,2022-11-22
0821588535,792831,2024-06-11
0821933577,507222,2023-04-05
0822297789,759186,2024-01-18
0821570165,845019,2025-01-15
V9E0014387,860783,2025-03-06
0822242724,413056,2022-11-20
0822062702,579948,2023-06-07
0821931108,51256,2021-04-17
1850022348,682920,2023-10-09
1850028171,119371,2022-02-24
1850049327,757953,2024-01-14
0821385820,110855,2022-01-13
0821537863,135586,2022-05-17
0821932946,134293,2022-05-12
0821871763,159642,2022-06-20
1850082078,147701,2022-06-06
1850034811,147033,2022-06-05
0822059280,794368,2024-06-21
0822215928,682430,2023-10-08
1850038907,474438,2023-02-19
0821897829,109064,2022-01-03
0821935753,96604,2021-10-30
0822321561,309653,2022-09-19
0822319919,329975,2022-10-03
0821934687,64725,2021-06-06
0821570448,3548,2020-08-13
0822241756,75721,2021-08-15
0821545425,8078,2020-09-27
1850082870,100590,2021-11-17
0822237278,662915,2023-09-10
0821541572,816602,2024-09-30
0821927730,841889,2025-01-02
0821294328,63099,2021-06-01
1850031956,856701,2025-02-23
1850047356,865912,2025-03-24
0821706157,8203,2020-09-27
0822236335,710380,2023-12-11
0821872762,57392,2021-05-08
1850037232,110554,2022-01-12
0822238261,755786,2024-01-04
0821932870,824279,2024-11-03
0821708490,772838,2024-03-18
0821746705,849385,2025-01-31
0821579883,24448,2020-11-28
0822237447,844278,2025-01-13
0822244052,87350,2021-09-24
0822311780,814802,2024-09-22
0821589217,825658,2024-11-07
1850081014,876165,2025-05-04
0822233518,74153,2021-08-08
0821706609,7985,2020-09-27
0822240905,69450,2021-07-04
0821929409,50770,2021-04-15
0821929592,416731,2022-11-24
0821579459,21152,2020-11-17
0821891167,296746,2022-09-13
0821927730,372222,2022-11-07
0821588231,15850,2020-10-29
0821748665,176006,2022-07-21
0821895880,854330,2025-02-17
0821570264,885187,2025-05-28
0822312952,417391,2022-11-25
0821892392,90954,2021-10-10
0822311960,503845,2023-03-30
0822298344,84689,2021-09-14
0821798840,428191,2022-12-11
1850036965,810581,2024-09-03
0821747157,418190,2022-11-26
0822236180,132683,2022-04-28
0822211169,908603,2025-08-11
0822239715,910613,2025-08-17
0821896013,434714,2022-12-21
0821747033,113693,2022-01-28
0821543471,24794,2020-11-29
0821543471,24910,2020-11-29
0821706021,852190,2025-02-11
1850073628,100531,2021-11-17
0821544002,662246,2023-09-10
0821588896,26962,2020-12-25
0821593101,88447,2021-09-28
1850052885,124233,2022-03-16
V9E0012772,876618,2025-05-06
0822236651,873182,2025-04-22
0821538290,169503,2022-07-07
0822236339,74662,2021-08-10
0821936092,349185,2022-10-18
0821468697,805891,2024-08-14
0822233441,910875,2025-08-18
0822233518,913263,2025-08-26
0822243802,757923,2024-01-14
0821897829,814002,2024-09-18
0822236532,106235,2021-12-16
0822244113,482302,2023-03-01
0821895422,59904,2021-05-20
0821895422,74129,2021-08-08
0821543417,27513,2020-12-28
0822235722,81236,2021-08-31
0821895838,48580,2021-04-08
1850079533,89206,2021-09-30
0821873753,48303,2021-04-07
0822296319,87933,2021-09-27
0822062999,60820,2021-05-23
0822253234,82313,2021-09-05
0821895692,537278,2023-05-03
1850040602,157586,2022-06-16
0821927899,874370,2025-04-27
0822061792,91609,2021-10-12
0821539902,21183,2020-11-17
0821705467,9047,2020-10-01
0821748682,548562,2023-05-11
0821538396,31815,2021-01-28
0821798764,71734,2021-07-25
1850047754,126948,2022-03-29
0822295941,63450,2021-06-02
1850040041,710010,2023-12-10
1850042023,97047,2021-10-31
0821892318,87915,2021-09-27
0822298311,83301,2021-09-08
1850079732,104185,2021-12-06
1850047139,100739,2021-11-17
0821873984,112350,2022-01-22
1850047754,127229,2022-03-30
0822208949,889295,2025-06-12
1850077783,441821,2023-01-03
V9E0017433,856793,2025-02-23
0821872367,366198,2022-11-02
0821930857,811539,2024-09-08
1850073993,100567,2021-11-17
0821579988,852745,2025-02-12
0822236163,756457,2024-01-08
0822237197,853879,2025-02-16
1850081721,104162,2021-12-06
0821580079,825294,2024-11-06
0822236503,78254,2021-08-25
0821586869,124697,2022-03-17
0821872565,104435,2021-12-07
0821897282,42597,2021-03-10
1850048892,425041,2022-12-06
0822237071,76816,2021-08-19
0821895422,62786,2021-05-31
0821895422,64068,2021-06-05
0822059730,66229,2021-06-15
0821706186,115989,2022-02-08
0822253149,83340,2021-09-08
0821872992,815900,2024-09-26
1850080667,330431,2022-10-03
1850031939,809920,2024-09-01
0821871311,95684,2021-10-27
0821298622,3178,2020-08-11
0822243467,89199,2021-09-30
1850077134,828536,2024-11-18
0821539897,115090,2022-02-03
0821933339,789454,2024-05-28
0822215875,81196,2021-08-30
0821705510,497541,2023-03-20
0821929495,60965,2021-05-24
0821894460,56124,2021-05-05
0821211366,1454,2020-04-01
0822320146,407241,2022-11-14
0822241782,101991,2021-11-23
0821545494,11167,2020-10-13
0821934529,57899,2021-05-09
0821746271,856902,2025-02-23
0821538807,135508,2022-05-17
1850031642,659212,2023-09-05
0821544028,758610,2024-01-16
0821894088,888988,2025-06-11
0821873747,153698,2022-06-12
0822061441,175343,2022-07-20
0821585798,48632,2021-04-09
0822058998,245048,2022-08-24
0822297807,784211,2024-05-07
1850077720,157458,2022-06-16
0821930099,61669,2021-05-27
0822235482,74236,2021-08-08
0822059667,72322,2021-07-29
0821745899,132656,2022-04-28
0821931080,173772,2022-07-18
0821891804,103859,2021-12-04
0821590210,42057,2021-03-05
0821932451,175069,2022-07-20
0822298696,770274,2024-03-06
0822312979,156324,2022-06-15
0822295624,66543,2021-06-20
0821895580,797722,2024-07-08
0822215875,803494,2024-08-04
0822244328,161017,2022-06-21
0821543471,24861,2020-11-29
0822235545,66667,2021-06-20
0821872762,63201,2021-06-01
0822314993,784492,2024-05-08
0821707605,913247,2025-08-26
0821895046,877225,2025-05-08
0821543471,24913,2020-11-29
0821587026,27888,2021-01-02
0821543577,35165,2021-02-20
0821585739,475474,2023-02-20
0822297590,159737,2022-06-20
0822298274,159736,2022-06-20
0821579956,20665,2020-11-16
0821544003,31847,2021-01-29
1850049275,144944,2022-06-02
0822058998,58749,2021-05-17
0821892290,59372,2021-05-19
0821891363,149138,2022-06-07
0821893101,50943,2021-04-15
1180127584,882847,2025-05-21
V9E0017124,869918,2025-04-09
0821579883,24450,2020-11-28
0821542772,16718,2020-11-02
0821211449,1278,2020-03-05
0821928118,59308,2021-05-18
1850047578,97281,2021-11-01
1850034173,106044,2021-12-15
0821936030,116906,2022-02-14
0822211572,894692,2025-07-01
0821936585,153332,2022-06-12
0821707139,185795,2022-07-31
0821537106,4836,2020-08-29
1850037852,705098,2023-11-21
1850080011,93025,2021-10-18
0821579459,21142,2020-11-17
0821585930,6839,2020-09-20
1850035025,99680,2021-11-14
0821706888,774895,2024-03-26
0821543733,309088,2022-09-19
0822235570,74013,2021-08-07
0821936709,72348,2021-07-29
0821896404,173819,2022-07-18
0821590683,77817,2021-08-23
0821929592,815362,2024-09-24
0821929495,60971,2021-05-24
0822298194,441868,2023-01-03
1850035726,101270,2021-11-20
0821893582,855487,2025-02-19
0822241605,752761,2023-12-21
1850076560,803481,2024-08-04
0821590035,123336,2022-03-13
0821931503,31666,2021-01-27
0822058844,72151,2021-07-28
V9E0011330,875459,2025-04-30
0821705302,849683,2025-02-02
0822298811,795184,2024-06-25
0821536186,806728,2024-08-18
0822243750,702550,2023-11-12
0821537041,409089,2022-11-17
0821892438,50942,2021-04-15
0821931512,653199,2023-08-28
0822298146,83634,2021-09-09
0821928377,49431,2021-04-12
0821874019,759280,2024-01-19
1850077134,102226,2021-11-24
0821707620,866030,2025-03-24
1850108483,831097,2024-11-26
0821538283,905054,2025-07-31
0821542718,891790,2025-06-22
0821871622,44493,2021-03-19
0822319575,78201,2021-08-24
1850080638,831077,2024-11-26
0821586400,846547,2025-01-21
0821708604,110506,2022-01-11
V9E0017589,866397,2025-03-25
0821539044,6210,2020-09-13
0822254207,319146,2022-09-25
V9E0011578,95466,2021-10-26
0822060890,339233,2022-10-11
0821896589,157738,2022-06-16
0821543002,164860,2022-06-28
0821930072,60835,2021-05-23
0821933217,58312,2021-05-11
0822215523,172616,2022-07-17
V9E0017586,865079,2025-03-20
0821544098,120605,2022-03-02
V9E0017685,876201,2025-05-05
1850039555,99679,2021-11-14
0822311595,872163,2025-04-17
0821242426,1296,2020-03-09
0821900745,72504,2021-07-29
0821539897,859402,2025-03-02
0821895838,641343,2023-08-10
0821542916,32094,2021-02-01
0821892290,791474,2024-06-05
0821931257,510745,2023-04-11
1850079463,459556,2023-01-31
0821931951,407505,2022-11-15
0821893332,434320,2022-12-20
0821874039,434791,2022-12-21
0821745609,27720,2020-12-30
0821895340,52590,2021-04-22
0821708785,466019,2023-02-09
0821931080,164246,2022-06-27
1850037852,100633,2021-11-17
0821892258,31870,2021-01-30
0822061235,80785,2021-08-29
1850108435,678582,2023-10-03
1850025277,466234,2023-02-10
0821545432,9697,2020-10-05
1850075924,536956,2023-05-03
0821386336,847857,2025-01-26
0821539175,6509,2020-09-15
0821578702,14796,2020-10-26
0821543471,24796,2020-11-29
0821895422,59010,2021-05-17
0821545829,86579,2021-09-21
0822243509,86585,2021-09-21
0821588203,25386,2020-12-11
0821872762,58366,2021-05-11
0821579956,770894,2024-03-09
1850108741,93638,2021-10-19
0822244185,82707,2021-09-06
0822063999,52860,2021-04-22
0821934334,777425,2024-04-07
0821707120,909520,2025-08-13
1850081284,103178,2021-11-29
1850079308,100009,2021-11-15
0822243742,796815,2024-07-03
0821872011,32164,2021-02-01
1850034838,125566,2022-03-21
0822236833,71309,2021-07-14
0821895422,60025,2021-05-20
0822297737,139876,2022-05-26
0821932598,60239,2021-05-21
0822060505,112308,2022-01-22
0821545918,774304,2024-03-24
1850079213,118433,2022-02-21
0821892844,805854,2024-08-14
1850080951,892486,2025-06-24
1850048461,102329,2021-11-24
0821537330,758548,2024-01-16
0821900745,112924,2022-01-25
0821580359,854896,2025-02-18
0822062999,112032,2022-01-20
V9E0013129,866400,2025-03-25
0821892981,130012,2022-04-13
0821935896,798172,2024-07-09
0821931982,643066,2023-08-13
0822238418,72488,2021-07-29
0821893731,781382,2024-04-24
0821894694,137918,2022-05-24
1850038876,187607,2022-08-01
0821873800,162519,2022-06-23
0822237536,191839,2022-08-03
0821537383,6273,2020-09-13
0821545697,26912,2020-12-25
1850027103,123092,2022-03-13
0821934618,116970,2022-02-14
0821928715,125382,2022-03-20
1850025377,342162,2022-10-13
0822066343,905972,2025-08-03
0822239148,174595,2022-07-19
0821707333,175053,2022-07-20
0821897938,206375,2022-08-09
0822064779,807688,2024-08-21
0821570377,852740,2025-02-12
0821871977,117175,2022-02-14
1850037852,90599,2021-10-09
0821538320,366354,2022-11-02
1850033942,221634,2022-08-15
0821386369,29222,2021-01-12
1850080748,849944,2025-02-03
1850041380,90378,2021-10-06
0821931982,106561,2021-12-18
0821898166,59354,2021-05-18
0821928429,173953,2022-07-19
0821935103,46704,2021-03-29
0821932158,35080,2021-02-18
1850047486,116502,2022-02-11
0821708356,107439,2021-12-22
0821894649,46752,2021-03-29
1850080748,89862,2021-10-04
0822216062,71635,2021-07-15
0821931640,105586,2021-12-13
0822311137,917481,2025-09-09
1850034811,89823,2021-10-04
1850080807,91235,2021-10-11
0821929495,60958,2021-05-24
0821931640,657499,2023-09-03
0821891278,822509,2024-10-27
1850039488,701147,2023-11-07
0822240245,884753,2025-05-27
1850048318,673335,2023-09-25
0821870850,364725,2022-11-01
0822297921,86790,2021-09-22
0821537358,494229,2023-03-15
0822211827,78740,2021-08-26
0822243648,817335,2024-10-03
0821893435,51154,2021-04-17
0821935066,821334,2024-10-22
0821706609,855565,2025-02-19
0821901026,844951,2025-01-15
0822313262,774972,2024-03-27
1850048666,100628,2021-11-17
0821708195,791696,2024-06-06
1850077188,678579,2023-10-03
0821385811,859672,2025-03-03
0822058090,57898,2021-05-09
0821543471,17933,2020-11-06
0822243555,109615,2022-01-05
1850038923,327466,2022-10-01
V9E0012343,855646,2025-02-19
0821538673,4515,2020-08-26
0821929495,61366,2021-05-25
0822242972,88198,2021-09-27
0822253372,874428,2025-04-27
0822063206,862569,2025-03-12
0821350721,131715,2022-04-21
0821542619,19062,2020-11-10
0821928311,54744,2021-04-28
0821707114,11963,2020-10-17
0821872309,36008,2021-02-27
0821580531,20157,2020-11-15
0822234536,65325,2021-06-08
0821543257,24457,2020-11-28
0821211012,1470,2020-04-04
0821570289,27487,2020-12-28
0822233819,70549,2021-07-08
0822061423,845381,2025-01-16
0822244113,81344,2021-08-31
0821578380,72989,2021-08-02
0821579852,26321,2020-12-21
0822311764,85637,2021-09-18
1850074634,133582,2022-05-10
0822240179,591667,2023-06-15
1850034967,168203,2022-07-05
0821588203,24826,2020-11-29
0821927730,494361,2023-03-16
1850048145,130045,2022-04-13
0821350145,4097,2020-08-20
0822235418,83233,2021-09-08
1850035007,222223,2022-08-15
0822239917,90586,2021-10-09
1850049124,817045,2024-10-02
1850048008,761345,2024-01-29
0821587859,26365,2020-12-22
0821892392,327785,2022-10-01
1850079582,218583,2022-08-14
1850077620,116273,2022-02-10
0821591164,104840,2021-12-09
0821580531,154929,2022-06-14
0821897533,242113,2022-08-23
0821543471,24769,2020-11-29
1850027572,349118,2022-10-18
1850038378,152442,2022-06-11
1850021778,865122,2025-03-20
0821708851,842318,2025-01-05
0821592970,180626,2022-07-27
0821210100,68047,2021-06-28
0821895422,61417,2021-05-25
0821537026,5730,2020-09-08
0821542707,23534,2020-11-23
0821705498,769416,2024-03-04
0822242972,88200,2021-09-27
0822236049,78528,2021-08-25
1850031534,631547,2023-07-27
0822319579,857189,2025-02-24
0821348743,850910,2025-02-06
0822237399,469952,2023-02-15
0821931733,277428,2022-09-05
0821873137,29318,2021-01-13
0821211317,407989,2022-11-15
0822298074,543939,2023-05-08
0821896747,62587,2021-05-30
0822312074,828401,2024-11-17
0822061201,55957,2021-05-04
0821544098,12589,2020-10-19
0821545697,26946,2020-12-25
0822253186,473000,2023-02-18
1850080803,166165,2022-07-02
0822240575,82147,2021-09-04
0822240952,83506,2021-09-09
0821588651,406309,2022-11-13
0822059280,824557,2024-11-04
V9E0012951,864731,2025-03-19
0821536848,855082,2025-02-18
0821538290,12428,2020-10-19
0822315326,464381,2023-02-06
0821587355,85841,2021-09-19
0821933064,131429,2022-04-20
0822320146,85048,2021-09-15
1850031956,665000,2023-09-13
0822065630,894553,2025-06-30
0821707605,464523,2023-02-06
0821891142,470494,2023-02-15
0822238604,915759,2025-09-03
0821578216,908732,2025-08-11
0822242051,105755,2021-12-14
0822295902,795290,2024-06-26
0821536254,706302,2023-11-26
1850081100,508687,2023-04-08
0821895545,42590,2021-03-10
1850109096,706606,2023-11-27
0821586911,13891,2020-10-24
0821538796,512968,2023-04-13
1850074556,93072,2021-10-18
1850036662,785623,2024-05-12
1850031520,866553,2025-03-25
0821929495,865941,2025-03-24
1850034723,856861,2025-02-23
0821874266,851624,2025-02-09
0822059381,63543,2021-06-03
0821593000,134958,2022-05-15
1850025632,672466,2023-09-24
0821874039,54366,2021-04-27
0821579883,24428,2020-11-28
1850037245,89514,2021-10-03
0821895422,60368,2021-05-22
0822298716,78839,2021-08-26
0822241756,702910,2023-11-13
0822312612,78865,2021-08-26
0821928377,775211,2024-03-28
0821873263,784794,2024-05-08
0821892762,29194,2021-01-12
0821709055,488271,2023-03-08
0822319909,870668,2025-04-13
0821893082,861574,2025-03-09
0821933686,56505,2021-05-05
1850080244,94946,2021-10-25
0822243780,82314,2021-09-05
0822060747,210865,2022-08-11
0821211263,1312,2020-03-10
0821893609,236007,2022-08-21
1850077769,100902,2021-11-18
0822312612,175025,2022-07-20
0822058459,61896,2021-05-27
0822298149,83264,2021-09-08
0821872561,364717,2022-11-01
0822311244,107054,2021-12-21
0822311803,108864,2022-01-02
1850034503,810491,2024-09-03
0822239700,86775,2021-09-22
0821536554,426684,2022-12-08
0822211587,70164,2021-07-06
0821900880,109288,2022-01-04
0821897364,112110,2022-01-20
1850047754,114681,2022-02-02
0821928429,101262,2021-11-20
0821898675,93389,2021-10-19
0821896565,61329,2021-05-25
0821537217,868427,2025-04-04
1850109006,114701,2022-02-02
0821893609,52063,2021-04-20
0822295906,67601,2021-06-26
1850039895,106496,2021-12-18
1850038546,101791,2021-11-22
0821931936,860119,2025-03-04
0822253186,864709,2025-03-19
0822233825,79043,2021-08-26
0821931257,797554,2024-07-07
1850083099,755546,2024-01-03
0821585798,130943,2022-04-18
0822319935,852341,2025-02-11
0822241667,69734,2021-07-05
0821929495,60962,2021-05-24
1850031518,254394,2022-08-27
0821542916,32040,2021-02-01
0821543471,24798,2020-11-29
0821748484,174469,2022-07-19
0821894543,55795,2021-05-04
0822060127,57181,2021-05-08
0821543812,76466,2021-08-18
0821537738,884132,2025-05-25
0822295750,492780,2023-03-13
0822239337,92063,2021-10-13
0822066108,884130,2025-05-25
0821579459,21138,2020-11-17
0822298311,555658,2023-05-17
0822236599,90900,2021-10-10
0821893753,476559,2023-02-21
0821542916,32042,2021-02-01
0821892568,48188,2021-04-06
0821708610,26823,2020-12-24
0821709214,27083,2020-12-27
0821294328,63100,2021-06-01
0821934855,105766,2021-12-14
0821931936,475554,2023-02-20
1850077200,122858,2022-03-12
1850037805,90983,2021-10-10
1850075845,93677,2021-10-20
0821897891,120132,2022-03-01
0821590096,783157,2024-05-01
1850036370,126180,2022-03-23
0821570374,141412,2022-05-29
0821891548,319149,2022-09-25
0821895422,60319,2021-05-22
0822243218,73100,2021-08-02
0821892932,131319,2022-04-20
1850079584,118459,2022-02-21
0821871124,33821,2021-02-12
1850077188,138969,2022-05-25
0821935769,45243,2021-03-22
0821708195,516448,2023-04-17
0822235460,177933,2022-07-24
0821586140,16066,2020-10-30
0821545429,147417,2022-06-06
0821210954,2336,2020-07-05
1850079474,558925,2023-05-20
0821707814,511022,2023-04-11
0822234536,73092,2021-08-02
0822242276,663579,2023-09-11
1850083270,703513,2023-11-15
0822244008,845242,2025-01-16
0821589834,564751,2023-05-25
0822239947,78193,2021-08-24
1850031520,709408,2023-12-07
0821570553,3771,2020-08-17
0821585738,5448,2020-09-05
0821578647,21465,2020-11-17
0822320162,85253,2021-09-16
0821588850,92605,2021-10-16
0821538796,864297,2025-03-18
1850083210,137781,2022-05-24
0821932725,29338,2021-01-13
0822321606,82727,2021-09-06
0821931741,114966,2022-02-03
0822298344,364736,2022-11-01
0822238484,439468,2022-12-29
0821586935,631703,2023-07-27
0821930806,301520,2022-09-15
0821708303,329961,2022-10-03
0821745899,708180,2023-12-03
0821872946,107742,2021-12-23
1850035117,810300,2024-09-02
1850035552,114187,2022-01-31
0821705510,161484,2022-06-22
0822236990,75083,2021-08-11
1850077129,93192,2021-10-18
1850035045,94072,2021-10-20
0821588910,66377,2021-06-17
0821931609,121455,2022-03-07
0821579459,122519,2022-03-10
0822240259,75769,2021-08-16
0821929953,779726,2024-04-17
0821891804,503565,2023-03-29
0821589292,104848,2021-12-09
1850047395,107825,2021-12-23
0821897778,109161,2022-01-03
0822236635,855041,2025-02-18
0822295892,850871,2025-02-05
1850079005,844267,2025-01-13
0821745661,27115,2020-12-27
0821385794,2050,2020-06-27
0821543471,24886,2020-11-29
0822058103,65146,2021-06-07
0821898069,776427,2024-04-02
0821932931,801369,2024-07-24
1850077638,97526,2021-11-02
0821586097,164863,2022-06-28
0822312014,438159,2022-12-26
0821589092,20050,2020-11-14
0821387281,73003,2021-08-02
0821891804,28712,2021-01-10
0821348670,2641,2020-07-16
0821935179,55544,2021-05-04
V9E0017898,865132,2025-03-20
0822243742,92989,2021-10-18
0822239917,81283,2021-08-31
0822058459,608132,2023-06-26
0821898446,432860,2022-12-18
0822243802,142684,2022-05-30
0821934112,172429,2022-07-17
0821542916,32098,2021-02-01
0822253049,83477,2021-09-09
0821386381,96824,2021-10-31
0821593101,55246,2021-05-01
0822244307,808856,2024-08-27
0821900716,773603,2024-03-21
0821934855,268701,2022-09-02
0822234317,69766,2021-07-05
0822233455,672547,2023-09-24
0821897345,58251,2021-05-10
0821211189,437864,2022-12-26
V9E0016103,863929,2025-03-17
0821894649,469040,2023-02-14
0821929049,844978,2025-01-15
0821544965,694032,2023-10-24
1850077129,419696,2022-11-28
0821898416,52239,2021-04-20
0822312822,274655,2022-09-04
1850083095,423717,2022-12-04
0821586700,161681,2022-06-22
0821898296,434875,2022-12-21
0821873491,178548,2022-07-25
0822297921,837715,2024-12-18
0821873610,46226,2021-03-27
0822215869,78445,2021-08-25
0821893082,115687,2022-02-07
0821543257,802663,2024-07-31
0821929563,30415,2021-01-19
0821896168,107139,2021-12-21
0822236489,75342,2021-08-13
0821893861,795558,2024-06-27
0821542650,805660,2024-08-13
0821894025,66955,2021-06-22
0822238293,844565,2025-01-14
0822238100,873185,2025-04-22
0821570553,3785,2020-08-17
1850025632,899878,2025-07-17
1850108715,110500,2022-01-11
0821708087,10521,2020-10-11
0821542636,17818,2020-11-05
0821929913,43509,2021-03-15
0821585875,163738,2022-06-26
0822060191,96431,2021-10-29
0821934760,796432,2024-07-01
1850053923,132330,2022-04-26
0822234083,587127,2023-06-12
0822243041,784202,2024-05-07
0821933596,891665,2025-06-22
1850032600,203238,2022-08-08
0821543471,24772,2020-11-29
0821934175,60582,2021-05-22
1850031440,609944,2023-06-26
0821871124,34633,2021-02-16
1850037852,785888,2024-05-13
1850075180,638328,2023-08-06
0821930669,54036,2021-04-26
0822298850,83321,2021-09-08
0822242419,75193,2021-08-11
0821933861,704555,2023-11-19
1850027993,673369,2023-09-25
1850079601,703901,2023-11-16
0821927935,485673,2023-03-05
1850056631,784486,2024-05-08
0821588008,74938,2021-08-10
1850056188,113588,2022-01-27
0822253433,85078,2021-09-15
0821929322,476249,2023-02-21
0821538718,6702,2020-09-17
0821385783,1848,2020-05-20
1850077814,97497,2021-11-02
0821536174,710894,2023-12-13
1850077779,456433,2023-01-24
0821891262,34841,2021-02-17
0821708271,13221,2020-10-21
0821892759,28430,2021-01-06
0821895887,49587,2021-04-12
0821896728,700980,2023-11-06
1850081723,466809,2023-02-12
0822241927,105691,2021-12-14
0821898239,56463,2021-05-05
0821872762,62839,2021-05-31
0821546014,9942,2020-10-06
0821709232,32186,2021-02-01
0821590603,126765,2022-03-28
0821746758,320531,2022-09-26
1850082315,357803,2022-10-26
0821935054,53862,2021-04-25
0821589961,15556,2020-10-28
0821592970,79041,2021-08-26
0821928486,44103,2021-03-17
0821936309,88812,2021-09-30
0821936127,101709,2021-11-22
1850077090,115357,2022-02-05
0821897509,91754,2021-10-12
0821242426,849280,2025-01-30
0821895422,61402,2021-05-25
0822311317,77935,2021-08-24
1180124875,912832,2025-08-25
0821589961,136862,2022-05-23
1850073757,889128,2025-06-12
0821468636,886095,2025-05-30
0821900880,623620,2023-07-13
0821934855,62694,2021-05-30
0822243993,107105,2021-12-21
0821935961,139418,2022-05-26
0821537041,132493,2022-04-27
0822236990,136732,2022-05-22
0821892016,872317,2025-04-18
0822235064,882918,2025-05-21
0822236040,65245,2021-06-08
0821705302,10876,2020-10-12
1850108261,425475,2022-12-06
0822236009,83833,2021-09-11
0821897234,318695,2022-09-25
1850021701,813350,2024-09-16
0822237988,678174,2023-10-02
1850080087,695219,2023-10-26
0822312979,409410,2022-11-17
0821930283,862427,2025-03-11
V9E0012740,868760,2025-04-06
1850080011,891194,2025-06-19
0821896800,787948,2024-05-21
1850035197,896638,2025-07-08
0822319915,159201,2022-06-19
0822237278,770492,2024-03-07
0821934260,118595,2022-02-21
0822237603,75246,2021-08-11
1850039805,303672,2022-09-16
0822235902,451515,2023-01-18
0822212266,107756,2021-12-23
0821873223,798226,2024-07-10
1850037610,781354,2024-04-24
1850075406,775273,2024-03-28
0822024247,811909,2024-09-09
0822212551,99934,2021-11-15
0821580851,773370,2024-03-20
0821931134,781971,2024-04-28
0822236180,790041,2024-05-30
V9E0016963,885254,2025-05-28
0822297574,437310,2022-12-25
0821892392,906150,2025-08-03
0822312952,683416,2023-10-10
0821936027,48072,2021-04-06
0821895422,70862,2021-07-11
0821708098,10176,2020-10-08
0821579459,21088,2020-11-17
1850025389,649136,2023-08-22
0821896728,631616,2023-07-27
0821931167,771122,2024-03-10
0821536234,8806,2020-09-30
0821586507,32633,2021-02-04
0822233970,78510,2021-08-25
0821873800,772094,2024-03-14
0822215920,82356,2021-09-05
0821895422,60841,2021-05-23
0821897050,508715,2023-04-08
0821895422,62790,2021-05-31
0821892430,73723,2021-08-05
1850032814,120607,2022-03-02
0821587861,108512,2021-12-29
1850074596,92190,2021-10-14
0821590209,66516,2021-06-19
0821897423,790077,2024-05-30
0822237063,359016,2022-10-27
0821801244,45105,2021-03-22
0821934112,162171,2022-06-23
0822319918,807748,2024-08-21
0822236335,86840,2021-09-22
1850035552,114210,2022-01-31
0821570274,594947,2023-06-18
0821537961,17213,2020-11-03
1850076535,120692,2022-03-03
0821708785,434949,2022-12-21
0821542916,32087,2021-02-01
0821934687,71299,2021-07-14
0822058674,72101,2021-07-27
0821895520,776098,2024-04-01
1850083127,879656,2025-05-15
0822235470,159222,2022-06-19
1850083098,812080,2024-09-10
0821539145,121962,2022-03-08
1850073993,757169,2024-01-10
0821892531,776043,2024-04-01
0821587225,792134,2024-06-09
V9E0015787,857900,2025-02-26
0821892296,53868,2021-04-25
0821707474,159218,2022-06-19
0821897636,810310,2024-09-02
1850039488,89332,2021-09-30
0821928251,911300,2025-08-19
0822295909,556626,2023-05-18
0821579956,680475,2023-10-06
0821895284,860148,2025-03-05
1850081612,100096,2021-11-15
0821348743,2669,2020-07-16
1850047874,301853,2022-09-15
0821934618,882206,2025-05-20
0821580705,892534,2025-06-24
0822234541,339724,2022-10-11
0822313378,852973,2025-02-13
0822240548,69572,2021-07-05
1850080087,763474,2024-02-07
0822235052,124906,2022-03-18
0821580795,708832,2023-12-05
0821543471,24801,2020-11-29
0822239412,496729,2023-03-19
1850037982,838184,2024-12-19
0822296226,854353,2025-02-17
0821931999,148670,2022-06-07
0821579883,24433,2020-11-28
0822058674,329799,2022-10-03
0821930597,28535,2021-01-07
0822242051,855955,2025-02-20
0821705755,8498,2020-09-29
0822253186,167387,2022-07-04
0821210954,1172,2020-02-20
0821587859,19318,2020-11-11
0821870994,439569,2022-12-29
0821580852,7947,2020-09-27
0821581164,7810,2020-09-26
0821801239,128954,2022-04-10
1850035298,810712,2024-09-03
0822062786,824729,2024-11-04
0821386262,1764,2020-05-12
1850021852,113594,2022-01-27
0821543471,24907,2020-11-29
0821570061,3048,2020-08-10
0821897213,811906,2024-09-09
0821579438,131307,2022-04-20
0822243648,138823,2022-05-25
0822295898,890480,2025-06-17
0822298283,165217,2022-06-29
1850079504,438456,2022-12-27
0821587206,31334,2021-01-26
0821934175,110892,2022-01-13
0822063266,205891,2022-08-09
0821932005,464811,2023-02-07
1850077779,165021,2022-06-29
0822313043,647913,2023-08-21
0821895422,62611,2021-05-30
0821933317,105583,2021-12-13
0822237441,132832,2022-04-29
0821871475,166683,2022-07-03
0822060890,645276,2023-08-17
1850049189,635206,2023-08-02
0821545651,759852,2024-01-22
0821707139,506319,2023-04-04
0821893836,835412,2024-12-10
0822311764,842360,2025-01-05
0822311764,837934,2024-12-18
0821896565,785433,2024-05-11
1850047486,898716,2025-07-14
0821706311,876574,2025-05-06
0821897345,111542,2022-01-18
0821893734,51228,2021-04-17
0821536405,228978,2022-08-18
0821871340,30001,2021-01-17
0821708851,10692,2020-10-11
0822236532,553920,2023-05-15
0821537933,17565,2020-11-04
0821746858,870325,2025-04-10
0821898302,587365,2023-06-12
1850075308,137971,2022-05-24
0821578615,805193,2024-08-12
1850034445,92783,2021-10-17
1850037372,810717,2024-09-03
0821929495,460636,2023-02-01
0821589431,797784,2024-07-08
0821544965,618640,2023-07-04
0822295583,162191,2022-06-23
0822254147,80712,2021-08-29
0821897509,52485,2021-04-21
1850056628,108408,2021-12-28
1850047674,828538,2024-11-18
0821901050,116772,2022-02-13
0821707620,771300,2024-03-11
0821896908,128911,2022-04-09
1850042237,852282,2025-02-11
0821894467,105862,2021-12-14
1850038092,122338,2022-03-09
0821580804,4463,2020-08-25
0821545697,26922,2020-12-25
V9E0017971,865769,2025-03-23
1850028161,837461,2024-12-17
0822298132,588950,2023-06-13
0821931741,579937,2023-06-07
1850083099,697605,2023-10-29
1850036778,779530,2024-04-16
0821935198,199114,2022-08-06
0821211323,309372,2022-09-19
1850035083,810571,2024-09-03
0821930449,853621,2025-02-15
0822061441,476343,2023-02-21
0821468697,837714,2024-12-18
0821580817,902210,2025-07-23
0821705751,677353,2023-10-01
0821588203,789717,2024-05-29
0822298091,166940,2022-07-03
0822298730,826620,2024-11-11
0822066176,58145,2021-05-10
1850080690,137862,2022-05-24
0821873898,800579,2024-07-21
0822295847,69745,2021-07-05
0822236324,75228,2021-08-11
0821897324,876004,2025-05-04
0821799243,857369,2025-02-24
0821706888,563463,2023-05-24
1850038172,108422,2021-12-28
0822058459,805067,2024-08-11
1850056200,113578,2022-01-27
0821706715,11054,2020-10-13
1850075624,784660,2024-05-08
0821539111,124504,2022-03-16
0821543097,134904,2022-05-15
0821934260,140447,2022-05-27
0822244185,823707,2024-10-31
0821579459,792836,2024-06-11
1850074539,135342,2022-05-17
V9E0012177,887261,2025-06-03
1850073827,896048,2025-07-06
0821936120,112690,2022-01-24
0822242257,75429,2021-08-14
1850048360,100200,2021-11-16
0821898239,883326,2025-05-22
0821896286,883301,2025-05-22
0821590593,853765,2025-02-16
0821872414,31743,2021-01-28
0821543471,25000,2020-11-30
0821543405,117102,2022-02-14
0821898621,596397,2023-06-19
V9E0011733,886212,2025-05-31
1850056390,873179,2025-04-22
0821873230,486367,2023-03-06
0821932966,900085,2025-07-17
0821536998,5263,2020-09-02
0822216092,320610,2022-09-26
0821538805,785691,2024-05-12
1850083130,802198,2024-07-29
0821705701,105943,2021-12-14
0821706220,51497,2021-04-18
0821707996,8984,2020-10-01
0821586702,14252,2020-10-25
0822244129,85237,2021-09-16
0821897407,61778,2021-05-27
0821874098,29867,2021-01-16
0821541522,619992,2023-07-06
0821936591,792463,2024-06-10
0821705166,889834,2025-06-15
0821932725,892038,2025-06-23
0821386262,791601,2024-06-06
0822240121,88393,2021-09-28
0822233301,672555,2023-09-24
0822239189,672541,2023-09-24
0822254030,85686,2021-09-19
1850028869,578992,2023-06-06
0821298623,839383,2024-12-24
1850077778,763475,2024-02-07
0821892981,31779,2021-01-28
1850033974,794641,2024-06-23
0821748553,56649,2021-05-06
0821931160,45076,2021-03-22
0821536543,910942,2025-08-18
0822065862,66411,2021-06-17
0821543727,298179,2022-09-14
0821539997,792455,2024-06-10
1850073746,95410,2021-10-26
0822319833,370574,2022-11-06
0822237543,82624,2021-09-06
1850055576,882254,2025-05-20
0822234535,284426,2022-09-08
0822210096,771062,2024-03-10
0821932237,897164,2025-07-10
0822238805,175820,2022-07-21
1850037249,425803,2022-12-07
0821579883,24429,2020-11-28
0821543471,24780,2020-11-29
0821579459,21180,2020-11-17
0822314993,151573,2022-06-09
0821538338,869889,2025-04-09
0822059261,114070,2022-01-31
0821587684,342559,2022-10-13
1850076535,449269,2023-01-15
0821350501,773084,2024-03-19
V9E0009715,852248,2025-02-11
0822236643,339734,2022-10-11
0821536857,763360,2024-02-07
0821539044,867607,2025-03-29
0821927517,633583,2023-07-31
0821898415,50578,2021-04-14
0821579459,21134,2020-11-17
0821545697,26914,2020-12-25
0821896052,43643,2021-03-15
0821934855,542206,2023-05-07
1850021704,116077,2022-02-09
0821541414,55984,2021-05-04
1850037167,785604,2024-05-12
0821895692,366175,2022-11-02
0822060399,91455,2021-10-12
0821587391,129108,2022-04-10
0821539848,147728,2022-06-06
0821936585,65098,2021-06-07
0821709443,45111,2021-03-22
0821578722,13355,2020-10-22
0821537026,845967,2025-01-19
0821892537,420170,2022-11-29
0822298457,831916,2024-11-28
0821872946,95269,2021-10-26
0821707120,799356,2024-07-15
0822235172,85037,2021-09-15
1850077817,105991,2021-12-15
0821933678,65985,2021-06-13
1850037245,773260,2024-03-20
0821580138,173043,2022-07-17
0821580253,22088,2020-11-18
0821895422,63112,2021-06-01
0821579459,21131,2020-11-17
0821936309,54205,2021-04-26
0822295892,67743,2021-06-27
0821746717,27292,2020-12-28
0821891262,756458,2024-01-08
0821705899,87144,2021-09-23
0822253526,658593,2023-09-05
0821892521,446183,2023-01-10
0821930455,819499,2024-10-15
0821933339,821158,2024-10-21
0821872762,50932,2021-04-15
0821579459,21176,2020-11-17
0821894035,71484,2021-07-15
0821590035,17958,2020-11-06
0821898406,46794,2021-03-29
0821934650,663231,2023-09-11
0821873030,794682,2024-06-23
0821871332,52209,2021-04-20
1850108530,203887,2022-08-08
0821935896,677287,2023-10-01
0821579956,770724,2024-03-08
0822243742,836872,2024-12-16
0822243750,85018,2021-09-15
0822295583,763669,2024-02-08
0821748553,328707,2022-10-02
0821588008,17954,2020-11-06
0821897143,55085,2021-04-29
0821211216,366041,2022-11-02
0821579849,465893,2023-02-09
0821928498,506338,2023-04-04
0821708195,911781,2025-08-20
0822241607,907344,2025-08-07
1850075308,125295,2022-03-20
0822233298,831806,2024-11-28
0822312606,818591,2024-10-09
1850076535,675966,2023-09-29
0822313390,797976,2024-07-09
0821706340,619668,2023-07-06
1850049856,113671,2022-01-27
V9E0017732,872694,2025-04-20
0821541572,872660,2025-04-20
0821897847,895266,2025-07-02
0821538753,414180,2022-11-21
0822321414,590227,2023-06-14
0821891139,706905,2023-11-28
0821896841,409893,2022-11-17
0821930709,753548,2023-12-24
0821705775,799785,2024-07-17
1850038027,188730,2022-08-02
1850078056,123600,2022-03-14
0821390554,4667,2020-08-27
0821580795,5957,2020-09-10
0822254147,584406,2023-06-10
0822295915,80890,2021-08-30
1850048469,101118,2021-11-19
0821545697,26920,2020-12-25
1850055406,303812,2022-09-16
1850047567,108962,2022-01-03
0822062701,59379,2021-05-19
0821936030,44379,2021-03-18
0821543405,115188,2022-02-03
0821935961,58723,2021-05-17
0821298630,506929,2023-04-04
0821580189,552235,2023-05-14
0821930857,793000,2024-06-11
0822234895,685026,2023-10-11
1850077780,93030,2021-10-18
1850076782,754528,2023-12-28
V9E0012250,860801,2025-03-06
0821895422,70828,2021-07-11
0821898710,121884,2022-03-08
0821537693,138769,2022-05-25
0822298618,794975,2024-06-24
0822062786,783370,2024-05-02
0821707402,707323,2023-11-29
0821586463,781905,2024-04-28
0821706279,885703,2025-05-29
0821706344,896177,2025-07-06
0822236635,78237,2021-08-25
0821871977,511727,2023-04-12
0821590893,15245,2020-10-27
0821543417,27508,2020-12-28
1850034160,100761,2021-11-17
0821706609,8048,2020-09-27
1850080213,102089,2021-11-23
1850077332,98370,2021-11-07
0821707970,706343,2023-11-26
0821587861,528559,2023-04-27
0822238805,72714,2021-08-01
0821927366,48038,2021-04-06
1850073628,112797,2022-01-24
0821590297,562354,2023-05-23
0821579520,116143,2022-02-09
0821538031,17123,2020-11-03
0822243981,78404,2021-08-25
0822253944,86240,2021-09-20
0821544003,709988,2023-12-10
0821873590,53823,2021-04-25
0822240295,81322,2021-08-31
0822235917,83159,2021-09-08
0821799242,114752,2022-02-02
0821298489,34255,2021-02-14
0822244499,81702,2021-09-01
0822058376,114372,2022-02-01
0821350142,3388,2020-08-12
0822236643,513097,2023-04-14
0821898192,506004,2023-04-03
0822062978,624944,2023-07-15
0822315560,710007,2023-12-10
0821589108,111164,2022-01-16
0822297722,80473,2021-08-29
0821539192,819674,2024-10-15
0821897182,367666,2022-11-03
V9E0017908,866852,2025-03-26
0822059486,85829,2021-09-19
1850109096,106970,2021-12-20
0821892537,898065,2025-07-13
0822235599,448690,2023-01-14
0822063326,812431,2024-09-11
0821930283,36367,2021-03-03
0821585757,30280,2021-01-18
0822238606,69623,2021-07-05
0821543405,503624,2023-03-29
1850036608,325188,2022-09-29
0821570109,139761,2022-05-26
0821897606,852730,2025-02-12
V9E0012645,863918,2025-03-17
0822296175,416229,2022-11-23
0821895422,59995,2021-05-20
0822061441,678247,2023-10-03
0822235531,74087,2021-08-08
0822253225,835447,2024-12-10
1850025389,365948,2022-11-02
1850083230,203395,2022-08-08
0821896169,104751,2021-12-09
0822214113,909125,2025-08-12
0821537293,627849,2023-07-20
0821930642,899863,2025-07-17
0822295875,799420,2024-07-16
0821211319,859787,2025-03-03
V9E0015021,851975,2025-02-10
0821898126,129240,2022-04-11
0822297625,895193,2025-07-02
0821896752,324804,2022-09-29
0821537330,790494,2024-06-02
0821895422,61998,2021-05-27
0822240162,72253,2021-07-28
0822058400,75616,2021-08-15
V9E0015555,907167,2025-08-06
0821927952,221796,2022-08-15
0821897580,302209,2022-09-15
1850039877,328920,2022-10-02
0821708604,372913,2022-11-08
0821586972,23222,2020-11-22
1850074927,94569,2021-10-24
1850035025,776291,2024-04-02
0821897213,772133,2024-03-14
0821895913,176051,2022-07-21
0822243826,107661,2021-12-23
0821570151,465059,2023-02-07
1850027449,810736,2024-09-03
0821589234,820353,2024-10-17
0821872309,817056,2024-10-02
0821929373,154680,2022-06-13
0821893296,34347,2021-02-15
0821893861,118031,2022-02-17
0821927899,110004,2022-01-09
0821706275,10976,2020-10-12
0821931733,831909,2024-11-28
0821706186,846744,2025-01-21
0821709440,845736,2025-01-19
0821350493,576467,2023-06-05
0821891278,87479,2021-09-25
0821537933,892567,2025-06-24
1850080937,89849,2021-10-04
0822312080,792847,2024-06-11
0821298489,119900,2022-02-28
0822063494,75286,2021-08-12
1850037729,95394,2021-10-26
0821897364,56939,2021-05-06
0821898416,812132,2024-09-10
0821872762,51650,2021-04-18
0822253569,82554,2021-09-06
1850077098,135275,2022-05-16
0822298074,710372,2023-12-11
1850108261,96585,2021-10-30
0822298283,134718,2022-05-14
0821797574,535638,2023-05-02
0821873800,885423,2025-05-28
0822241132,340658,2022-10-12
0821580705,7354,2020-09-23
0821928480,44180,2021-03-17
0821350392,4328,2020-08-24
0821896181,54885,2021-04-28
0821873481,65359,2021-06-08
0821872819,30064,2021-01-17
0821893856,65825,2021-06-11
0821893254,29536,2021-01-14
0821929765,59634,2021-05-19
0822242882,909918,2025-08-14
0821707302,31321,2021-01-26
1850075624,769931,2024-03-05
1850034451,92757,2021-10-17
0821580253,763705,2024-02-08
0821894699,892980,2025-06-25
1850034953,703688,2023-11-15
0821579459,21184,2020-11-17
0821542916,32045,2021-02-01
V9E0011817,854315,2025-02-17
0822297672,81609,2021-09-01
0821545829,26257,2020-12-21
0822242882,81826,2021-09-01
0821586935,916627,2025-09-07
0821536863,780736,2024-04-22
1850081717,820894,2024-10-20
0821934176,867311,2025-03-27
1850047874,878564,2025-05-13
0822240807,914447,2025-08-30
0821538695,5994,2020-09-12
0821873128,465414,2023-02-08
0821894699,205608,2022-08-09
0822236089,69236,2021-07-04
0821874060,134083,2022-05-11
0822298000,904191,2025-07-29
0821936092,109244,2022-01-04
0821927672,433443,2022-12-19
0821539813,830930,2024-11-25
0822244360,861585,2025-03-09
0821872321,33001,2021-02-07
0821895422,60742,2021-05-23
0821536249,5506,2020-09-06
0821872414,68600,2021-06-29
1850039210,89857,2021-10-04
1850081767,820071,2024-10-16
0822243218,859362,2025-03-02
0821580795,806981,2024-08-19
0821895199,38752,2021-03-03
0822239165,587074,2023-06-12
0821538318,486643,2023-03-06
1850082842,91643,2021-10-12
0821536855,472931,2023-02-17
0821537055,159219,2022-06-19
0822254030,828612,2024-11-18
0821895630,843893,2025-01-12
0822062177,865314,2025-03-21
0821586911,13520,2020-10-22
0821545281,109792,2022-01-08
0822064090,65029,2021-06-07
0822211597,107702,2021-12-23
0821898406,42945,2021-03-11
1850035117,221095,2022-08-15
0822244354,89194,2021-09-30
0822295915,788119,2024-05-22
0822314806,244621,2022-08-24
1850033942,461666,2023-02-03
0821931365,422608,2022-12-01
0822234809,75210,2021-08-11
0822216077,71195,2021-07-13
0821587936,24641,2020-11-29
0821570374,3763,2020-08-17
0821589850,63253,2021-06-01
0821538290,12804,2020-10-20
0822236908,899119,2025-07-15
0822239820,838642,2024-12-22
0821897636,97180,2021-11-01
0821935961,775339,2024-03-28
0821871030,48158,2021-04-06
0821708078,8490,2020-09-28
0821538807,5962,2020-09-10
0821543471,24995,2020-11-30
0822296415,672550,2023-09-24
0822298132,776358,2024-04-02
0821298531,3340,2020-08-12
0821797692,25953,2020-12-19
0822060882,65726,2021-06-10
0821066966,595053,2023-06-18
V9E0014150,873372,2025-04-23
0821893856,317592,2022-09-24
0821579438,30925,2021-01-21
0822298624,79309,2021-08-28
0821928071,413110,2022-11-20
1850037236,876602,2025-05-06
0821705593,820705,2024-10-19
0821537767,824371,2024-11-03
0822061423,96472,2021-10-30
0821927935,113979,2022-01-30
0821898416,289464,2022-09-10
1850081728,187148,2022-08-01
0821898283,144928,2022-06-02
0821543004,180405,2022-07-27
1850074663,186729,2022-08-01
0821350386,107790,2021-12-23
0822059123,573137,2023-06-01
0822244113,854555,2025-02-17
0822235722,896567,2025-07-08
0822215920,897468,2025-07-10
0821893731,795632,2024-06-27
1850079641,769463,2024-03-04
0821870961,883352,2025-05-22
1850083237,827415,2024-11-13
0821936747,59197,2021-05-18
0821893804,136755,2022-05-22
0821871776,320219,2022-09-26
0821931640,129986,2022-04-13
0821894649,824624,2024-11-04
0822236492,867292,2025-03-27
0822298194,82430,2021-09-05
1850081079,103405,2021-11-30
0821294257,809006,2024-08-28
0821929239,174383,2022-07-19
0821543577,835464,2024-12-10
0822253824,854906,2025-02-18
0821537999,884175,2025-05-25
0821588706,19828,2020-11-13
0821538772,887668,2025-06-04
0822297574,87267,2021-09-23
1850035298,301979,2022-09-15
0822311780,562675,2023-05-23
0822235542,787360,2024-05-19
0821898621,58549,2021-05-11
0821936752,491631,2023-03-12
1850038697,91990,2021-10-13
0821931788,46219,2021-03-27
0821543471,24997,2020-11-30
0821872762,62847,2021-05-31
0822315793,915265,2025-09-02
0822239820,68343,2021-06-29
0821706220,11811,2020-10-15
0822238786,74195,2021-08-08
1850021498,119201,2022-02-23
0821893112,52276,2021-04-20
0821746758,27085,2020-12-27
0821897182,821828,2024-10-24
0821589557,15016,2020-10-27
0821707620,7959,2020-09-27
0821543743,19471,2020-11-12
0822295771,71556,2021-07-15
1850076063,121627,2022-03-07
1850021778,902284,2025-07-23
1850034828,137110,2022-05-23
0821588651,15809,2020-10-29
0821931951,754246,2023-12-27
0822236551,762906,2024-02-05
0821929769,909614,2025-08-13
0821935753,584194,2023-06-10
0821586822,25078,2020-12-01
0821350493,3495,2020-08-13
0822235520,864494,2025-03-18
0821570289,3904,2020-08-18
0821894341,47476,2021-04-01
1850035522,763042,2024-02-06
0821933861,58301,2021-05-11
0821707114,754967,2023-12-31
0821587205,89959,2021-10-05
0821932189,318687,2022-09-25
0821893151,759854,2024-01-22
0821586935,99049,2021-11-10
0821537041,4347,2020-08-25
1850108856,784728,2024-05-08
0822236163,802067,2024-07-28
0822234536,72982,2021-08-02
0821579668,72998,2021-08-02
0821898069,55500,2021-05-04
0821542916,32091,2021-02-01
0822238886,74237,2021-08-08
1850021561,810634,2024-09-03
V9E0011606,862990,2025-03-13
0821386381,876433,2025-05-05
0821708284,134092,2022-05-11
0822312468,86103,2021-09-20
0821539111,103120,2021-11-29
0822238043,137908,2022-05-24
0822237278,277552,2022-09-05
1850030773,552363,2023-05-14
0822059067,498005,2023-03-21
0821570109,345700,2022-10-16
0822311178,86062,2021-09-20
0821895127,105936,2021-12-14
0821928429,898656,2025-07-14
0821708653,9292,2020-10-03
1850080371,324829,2022-09-29
0822253480,857775,2025-02-26
0821707209,26397,2020-12-23
0821542916,32096,2021-02-01
0822062513,874879,2025-04-28
0822235187,782404,2024-04-29
1850047578,831095,2024-11-26
0821707472,660047,2023-09-06
0821589349,770747,2024-03-08
0821873024,852378,2025-02-11
0821580138,18852,2020-11-10
0821536670,5430,2020-09-04
0821873903,476398,2023-02-21
0821930238,548873,2023-05-11
0822243981,893353,2025-06-26
0821536670,896178,2025-07-06
1850077720,156643,2022-06-15
0821897778,706650,2023-11-27
V9E0012791,877857,2025-05-11
0822238445,346186,2022-10-16
0821928092,701660,2023-11-08
0822058928,68139,2021-06-28
1850035857,131986,2022-04-24
0821895422,59825,2021-05-20
0821871030,134411,2022-05-12
0822237713,460105,2023-02-01
0821211486,748,2020-01-09
0822238470,71232,2021-07-14
0821893861,684550,2023-10-11
0821543471,24924,2020-11-29
0821570352,409922,2022-11-17
0822235064,917976,2025-09-11
0821873128,784938,2024-05-08
0821545428,31325,2021-01-26
0822211965,793194,2024-06-12
0821579459,21121,2020-11-17
0821894025,94131,2021-10-21
1850080951,102200,2021-11-24
0821536359,622614,2023-07-11
1850048666,110535,2022-01-12
0821932946,42183,2021-03-07
V9E0015144,860789,2025-03-06
0821570103,4465,2020-08-25
0821705337,11903,2020-10-16
0822060338,78768,2021-08-26
0821929489,366171,2022-11-02
0821893370,42812,2021-03-11
0822208375,69797,2021-07-05
0821930314,116354,2022-02-10
0821871638,112586,2022-01-23
0821589234,22256,2020-11-19
0821543004,15656,2020-10-28
0821294324,815833,2024-09-26
0821932158,405609,2022-11-12
0821587227,19683,2020-11-12
0821872854,35953,2021-02-27
0822216085,75144,2021-08-11
0822211045,74803,2021-08-10
0822241782,74824,2021-08-10
1850035014,101888,2021-11-22
1850047674,118888,2022-02-22
0821746077,27111,2020-12-27
0822236599,160675,2022-06-21
0821589834,470502,2023-02-15
1850076861,466741,2023-02-12
0821586915,834653,2024-12-08
0822237924,67425,2021-06-24
0822242972,102037,2021-11-23
0821934459,48802,2021-04-11
0822295976,74114,2021-08-08
0822239619,77535,2021-08-23
0821580232,32250,2021-02-01
1850036662,466399,2023-02-11
0822064633,625515,2023-07-16
1850040763,98311,2021-11-07
0821543577,482980,2023-03-01
0822213105,69211,2021-07-04
0821579459,21168,2020-11-17
0821928244,766107,2024-02-19
1850077779,104758,2021-12-09
0822064633,105901,2021-12-14
0821536863,480736,2023-02-27
0822244185,781152,2024-04-23
0822059003,787484,2024-05-20
1850031534,795336,2024-06-26
0821931764,792776,2024-06-11
1850079268,103436,2021-12-01
0822295851,877937,2025-05-11
1850047567,127071,2022-03-29
0822253751,133584,2022-05-10
1850038744,133995,2022-05-11
0821708087,136607,2022-05-22
0822240905,845983,2025-01-19
0822058090,631642,2023-07-27
0821570545,875113,2025-04-29
0821928400,901158,2025-07-21
0821873263,157697,2022-06-16
1850076611,239325,2022-08-22
0822240162,862281,2025-03-11
0821543002,821182,2024-10-21
0821543143,12884,2020-10-20
0821545697,26911,2020-12-25
0822243349,684382,2023-10-11
0822314924,559575,2023-05-21
1850082002,752485,2023-12-20
0822237905,69427,2021-07-04
1850074022,116414,2022-02-10
1850037330,857530,2025-02-25
0821539982,799794,2024-07-17
0821705775,571037,2023-05-30
0822242257,298023,2022-09-13
0821895422,62789,2021-05-31
0822315160,914866,2025-08-31
0821796837,33354,2021-02-09
0821896168,52773,2021-04-22
0821543002,19648,2020-11-12
1850075421,371325,2022-11-06
0821896728,776779,2024-04-03
0821579460,15846,2020-10-29
0821898406,45370,2021-03-22
0821586911,162460,2022-06-23
0821579849,218506,2022-08-14
0822211385,107712,2021-12-23
0822238786,800152,2024-07-18
0821705765,33864,2021-02-13
0821211366,850366,2025-02-04
0821932562,424626,2022-12-05
0821589262,107972,2021-12-26
0821537330,770714,2024-03-08
V9E0012788,876611,2025-05-06
0821592970,15604,2020-10-28
0821543743,18290,2020-11-08
0821929495,61217,2021-05-24
0822242214,301927,2022-09-15
0821579459,21178,2020-11-17
0821579459,21085,2020-11-17
0822238091,69722,2021-07-05
0821930798,813721,2024-09-17
0821590210,14271,2020-10-25
0821545697,26913,2020-12-25
0821931433,32260,2021-02-02
0821350493,908414,2025-08-10
0822312295,85697,2021-09-19
0821545400,657056,2023-09-03
0822058858,71520,2021-07-15
1850049348,92663,2021-10-17
0822215535,71275,2021-07-14
0822244138,92113,2021-10-14
0821539111,8438,2020-09-28
0822240986,73710,2021-08-05
0822060684,136023,2022-05-18
0821891720,899905,2025-07-17
0822238604,69568,2021-07-05
0821538439,789363,2024-05-28
1850054655,456862,2023-01-24
0821934260,142735,2022-05-30
1850079711,147100,2022-06-05
0821589557,653225,2023-08-28
0822240682,107722,2021-12-23
0821898126,834107,2024-12-05
1850036911,684649,2023-10-11
0822066343,821443,2024-10-22
0821930283,877910,2025-05-11
0821871230,790315,2024-06-01
0822239278,468057,2023-02-14
1850031939,279455,2022-09-06
0821579883,24422,2020-11-28
0821543004,644390,2023-08-15
0822239700,76187,2021-08-17
0821896404,367572,2022-11-03
0821537765,493166,2023-03-14
0821580232,43647,2021-03-15
1850030763,841381,2024-12-31
0821895340,52592,2021-04-22
0821896362,117418,2022-02-15
1850108215,159857,2022-06-20
0821930727,147946,2022-06-06
1850040763,758048,2024-01-14
0821800842,25291,2020-12-08
1850021678,816874,2024-10-01
0821927672,776439,2024-04-02
0822297789,507227,2023-04-05
1180128782,904398,2025-07-29
0821929278,135803,2022-05-18
0821546063,8365,2020-09-28
0821543471,24804,2020-11-29
1850041724,702713,2023-11-12
0821892570,91346,2021-10-11
0822241607,75852,2021-08-16
0821591170,321825,2022-09-27
1850080087,909941,2025-08-14
0822298074,309549,2022-09-19
0822235689,910246,2025-08-16
0821543177,823779,2024-10-31
0821929675,710273,2023-12-11
1850076196,366258,2022-11-02
0822235683,708770,2023-12-05
0822242091,490110,2023-03-10
0821934760,593136,2023-06-17
1850077720,90590,2021-10-09
1850108220,89004,2021-09-30
0821897423,49644,2021-04-12
0822311807,92712,2021-10-17
0822298283,856018,2025-02-20
0821895274,889163,2025-06-12
0821543471,24999,2020-11-30
1180122564,882360,2025-05-20
0821350386,4064,2020-08-20
1850056191,477965,2023-02-23
1850081100,103337,2021-11-30
0822233300,673155,2023-09-25
0821536234,890386,2025-06-17
0822058131,580681,2023-06-07
0821708112,175961,2022-07-21
0821545429,176135,2022-07-21
0822236180,876389,2025-05-05
0821580851,279012,2022-09-06
0821747258,407954,2022-11-15
1850080748,903166,2025-07-27
0821871622,247377,2022-08-25
0821895422,63092,2021-06-01
0821934138,47205,2021-03-31
0821708845,11524,2020-10-14
0821589854,28787,2021-01-10
0821927952,41969,2021-03-04
0821898304,110935,2022-01-14
1850039135,91260,2021-10-11
0822243826,151499,2022-06-09
0821211449,638380,2023-08-06
0822237938,837927,2024-12-18
1850076874,864354,2025-03-18
0822236324,507217,2023-04-05
0821587391,879184,2025-05-14
0821896593,821625,2024-10-23
0821386369,885206,2025-05-28
0821896141,782945,2024-05-01
0821545986,753200,2023-12-23
0821900747,838007,2024-12-19
0822237543,121485,2022-03-07
0821298622,488962,2023-03-09
0821587897,906128,2025-08-03
0821746758,863002,2025-03-13
0821705449,10014,2020-10-07
0821871124,872841,2025-04-21
0821931733,894255,2025-06-30
0821930238,910656,2025-08-17
0821896362,45355,2021-03-22
1850075406,785896,2024-05-13
0822312302,85680,2021-09-18
1850029992,806355,2024-08-15
0821709017,29094,2021-01-11
1850083129,92918,2021-10-17
0821591143,87870,2021-09-26
0821707004,7804,2020-09-26
0821543904,16814,2020-11-02
0821590968,20813,2020-11-16
0822254012,120598,2022-03-02
0821895618,770102,2024-03-06
0822066343,509445,2023-04-09
1850082870,144882,2022-06-02
1850047516,784498,2024-05-08
0822234895,826194,2024-11-10
0821892290,670086,2023-09-20
1850076247,784490,2024-05-08
0822208612,895070,2025-07-02
0822235368,796416,2024-07-01
1850082528,838634,2024-12-22
0822295855,881421,2025-05-18
0821872414,635444,2023-08-02
0821543727,13701,2020-10-23
0822233903,69526,2021-07-05
0822235839,883315,2025-05-22
0821538396,912953,2025-08-25
0822237064,888992,2025-06-11
0822295771,416859,2022-11-24
0821546014,167498,2022-07-04
0822295981,765959,2024-02-18
0821933455,52981,2021-04-23
0821708098,802042,2024-07-28
0822236462,789475,2024-05-28
0821586533,796405,2024-07-01
0821894699,126821,2022-03-28
0821536385,4553,2020-08-26
0821705593,12858,2020-10-20
0821895422,60393,2021-05-22
0822237472,78527,2021-08-25
0821932006,301861,2022-09-15
1850039044,127639,2022-04-03
0822244126,915018,2025-09-01
0821933583,626551,2023-07-18
0822244277,85124,2021-09-15
0821896407,134890,2022-05-15
0821708785,7749,2020-09-26
0822311803,813992,2024-09-18
0821386187,434870,2022-12-21
0821900716,831398,2024-11-27
0822215639,903549,2025-07-28
0822237039,175662,2022-07-21
0822313167,239690,2022-08-22
0821935066,121710,2022-03-07
0822060405,73006,2021-08-02
0822296062,87481,2021-09-25
0821543471,24788,2020-11-29
0821898126,63246,2021-06-01
0821543471,24912,2020-11-29
0821930806,435668,2022-12-22
0821929495,61202,2021-05-24
0821930857,831420,2024-11-27
0821591164,912732,2025-08-25
0821929575,47195,2021-03-31
1850073952,824083,2024-11-02
0821897407,75939,2021-08-16
0821708112,489331,2023-03-09
1850034953,90591,2021-10-09
0821579883,708543,2023-12-04
0822233905,72396,2021-07-29
0821537041,4348,2020-08-25
1180122202,896440,2025-07-08
0821933577,167329,2022-07-04
0821933339,45806,2021-03-24
0821585951,774769,2024-03-26
0821936745,905260,2025-07-31
0822233781,107629,2021-12-23
0822062507,862201,2025-03-11
0821931194,790509,2024-06-02
0821928311,116819,2022-02-13
0821545697,26943,2020-12-25
0821895422,64064,2021-06-05
0821545651,9408,2020-10-04
0821898710,111257,2022-01-16
0821579438,116471,2022-02-10
0822235531,896828,2025-07-09
0822236492,823015,2024-10-29
0821709196,27742,2020-12-30
0821928251,89905,2021-10-05
0821897536,49468,2021-04-12
0821537302,7217,2020-09-22
0821931433,367126,2022-11-03
0822313167,753392,2023-12-24
0822236838,839402,2024-12-24
0821798840,361053,2022-10-29
0821933861,623998,2023-07-13
0821705601,10226,2020-10-08
0822321606,208687,2022-08-10
0821707970,8117,2020-09-27
0821707480,25716,2020-12-15
0821545697,26915,2020-12-25
0821896729,53485,2021-04-25
0822235938,109526,2022-01-05
0821706157,179401,2022-07-26
0821586463,441415,2023-01-02
0822295857,109785,2022-01-08
0821799242,21665,2020-11-18
0821542916,32108,2021-02-01
0821385820,897074,2025-07-09
0821801239,846887,2025-01-22
V9E0015776,873076,2025-04-22
1850075073,546931,2023-05-10
0821386381,89016,2021-09-30
1850077753,325043,2022-09-29
0821543097,755904,2024-01-04
0822215851,67686,2021-06-26
0821588231,913355,2025-08-26
0821348648,128689,2022-04-07
0822237071,109737,2022-01-08
0821892296,162183,2022-06-23
0822240250,76387,2021-08-18
1850080944,689865,2023-10-18
0821589882,89436,2021-10-02
0821897172,706416,2023-11-26
0821873197,135609,2022-05-17
0821871230,404543,2022-11-10
1850076971,409264,2022-11-17
0821707338,852934,2025-02-13
0821385797,2201,2020-06-30
0821387281,3379,2020-08-12
0821933596,56384,2021-05-05
0821871230,48374,2021-04-07
0821538318,19803,2020-11-13
0822295934,111736,2022-01-18
V9E0013774,865711,2025-03-23
1850030766,895916,2025-07-06
0822242022,913179,2025-08-26
0821707472,914057,2025-08-28
0821585951,5315,2020-09-03
0821928053,47888,2021-04-05
0821895422,63714,2021-06-03
0821114884,910565,2025-08-17
V9E0013195,873371,2025-04-23
0822060747,78177,2021-08-24
0821570109,4072,2020-08-20
0821897938,58069,2021-05-10
0821538318,864757,2025-03-19
1850083130,826725,2024-11-11
0821708604,687602,2023-10-15
0821538702,887414,2025-06-03
0822239961,343533,2022-10-14
0821746589,647478,2023-08-20
0822295624,787237,2024-05-19
0822216077,688509,2023-10-16
0821935766,555427,2023-05-16
1850039032,845359,2025-01-16
0821587464,32962,2021-02-07
0822298696,81400,2021-08-31
V9E0012943,866000,2025-03-24
1850031956,890599,2025-06-17
0822235064,108508,2021-12-29
0821706471,18268,2020-11-08
1850037050,801530,2024-07-25
0821897050,797796,2024-07-08
0821894994,797797,2024-07-08
0821390511,111309,2022-01-17
0822235938,75043,2021-08-11
1850080754,808993,2024-08-28
0822314620,860145,2025-03-04
1850047318,852295,2025-02-11
0821892438,871112,2025-04-14
0821927437,129031,2022-04-10
0822237063,844273,2025-01-13
1850047820,407649,2022-11-15
0822295892,342157,2022-10-13
0821536642,294686,2022-09-12
0822296168,798535,2024-07-11
0821930480,31010,2021-01-23
0821935079,36316,2021-03-03
0821294257,248285,2022-08-25
0822253225,902083,2025-07-23
0821243344,1330,2020-03-11
0821587773,16778,2020-11-02
1850082609,182013,2022-07-28
0822311595,85007,2021-09-15
1850054252,229456,2022-08-18
0822242056,74083,2021-08-08
0822058376,586939,2023-06-12
0822298716,831143,2024-11-26
0821543294,13344,2020-10-22
0821928152,56440,2021-05-05
0822233819,909915,2025-08-14
0822208323,107760,2021-12-23
0821929322,790485,2024-06-02
0821537293,764394,2024-02-11
0821895436,510294,2023-04-10
0822233300,773378,2024-03-20
0821895422,58402,2021-05-11
1850035382,412937,2022-11-20
0821931248,587463,2023-06-12
0821706520,10093,2020-10-07
0822296175,77780,2021-08-23
0822211965,844961,2025-01-15
0821935054,793545,2024-06-13
0821929899,797172,2024-07-04
0822313043,644215,2023-08-15
0822298000,441347,2023-01-02
0822061423,883291,2025-05-22
1850080771,602084,2023-06-22
1850031022,806349,2024-08-15
0822236908,72661,2021-08-01
0821468636,301763,2022-09-15
0821590316,33247,2021-02-08
0821543294,33380,2021-02-09
0821579459,21071,2020-11-17
0821709214,862571,2025-03-12
V9E0014476,875115,2025-04-29
0822024247,93001,2021-10-18
0821895340,52596,2021-04-22
0821895422,59307,2021-05-18
0822214722,70916,2021-07-12
1850080244,679014,2023-10-04
0821243244,1429,2020-03-26
1850108856,810156,2024-09-02
0822062318,38811,2021-03-03
0821935054,883342,2025-05-22
1850040602,820081,2024-10-16
1850079504,864730,2025-03-19
0822241182,912517,2025-08-24
0821895422,62608,2021-05-30
0821931936,52133,2021-04-20
0821932007,45065,2021-03-21
0821799242,114750,2022-02-02
0822237063,76286,2021-08-17
0821931512,35524,2021-02-22
0822298696,88833,2021-09-30
1850038168,94697,2021-10-24
0821210954,33294,2021-02-08
0821929289,30848,2021-01-21
0822296309,70290,2021-07-07
0822296323,84882,2021-09-14
1850039498,93129,2021-10-18
0821590893,457780,2023-01-25
0821537386,106539,2021-12-18
0821570264,699656,2023-11-01
0821745616,66560,2021-06-20
1850073387,862139,2025-03-11
0821932037,43612,2021-03-15
1850082588,100976,2021-11-18
1850035552,119549,2022-02-26
0822240831,70058,2021-07-06
1850047516,123798,2022-03-14
0821896169,57143,2021-05-07
0821579555,219451,2022-08-14
V9E0012781,877861,2025-05-11
0821585930,416068,2022-11-23
0822236532,434140,2022-12-20
1850049419,780417,2024-04-21
1850037244,866909,2025-03-26
0821545428,756640,2024-01-08
0821874039,52965,2021-04-23
0821578615,649655,2023-08-23
0821705775,32340,2021-02-02
1850035786,362147,2022-10-30
0821539111,914505,2025-08-30
0821579983,483576,2023-03-02
0822063924,310945,2022-09-20
0821708078,674336,2023-09-26
0821536507,406901,2022-11-14
0822216092,78809,2021-08-26
0821929899,825231,2024-11-06
0821930204,153052,2022-06-12
0821543471,24897,2020-11-29
0822057912,60093,2021-05-20
0822323040,915114,2025-09-01
1850077753,94882,2021-10-25
0822295915,223854,2022-08-16
0821350493,683692,2023-10-10
0822059730,510130,2023-04-10
0821932322,30262,2021-01-18
0821893940,45683,2021-03-23
0821590210,871916,2025-04-16
0821935718,659795,2023-09-06
0821580851,598616,2023-06-20
0821891262,638218,2023-08-06
0821896565,703699,2023-11-15
0822253555,84409,2021-09-13
0821928588,267262,2022-09-01
0821873898,53107,2021-04-24
0821872367,573402,2023-06-01
0821929239,41922,2021-03-04
0821873984,114061,2022-01-30
0821708851,829729,2024-11-21
1850081079,434091,2022-12-20
0822319833,663347,2023-09-11
0821872566,200997,2022-08-07
1850021678,123291,2022-03-13
1850048318,133954,2022-05-11
1850076782,147158,2022-06-05
0821705302,276782,2022-09-05
0822298457,82848,2021-09-07
0821798847,761240,2024-01-29
0822253479,97346,2021-11-01
1850027818,766119,2024-02-19
0822236009,151633,2022-06-09
0821544003,751976,2023-12-18
0821587464,169692,2022-07-07
1850031948,120772,2022-03-03
0821542707,787726,2024-05-20
0822215928,825684,2024-11-07
0821898415,893841,2025-06-29
0822296432,131833,2022-04-22
1850034953,145072,2022-06-02
0822234043,798129,2024-07-09
0821545697,26931,2020-12-25
0821873779,109538,2022-01-05
0822296226,76482,2021-08-18
0821929323,52684,2021-04-22
0821350417,860860,2025-03-06
0822062234,871673,2025-04-16
0821893435,335265,2022-10-07
0821870960,135754,2022-05-18
0821580884,889299,2025-06-12
0822236551,174392,2022-07-19
1850038907,847873,2025-01-26
0821578615,193649,2022-08-04
0821897358,533986,2023-05-01
0821895422,63756,2021-06-03
0821545918,638224,2023-08-06
1850083270,810604,2024-09-03
0821893609,60580,2021-05-22
0821896800,644851,2023-08-16
0821211486,351609,2022-10-20
0821932037,767302,2024-02-23
0821746271,597978,2023-06-20
1850037232,147778,2022-06-06
0821748441,27349,2020-12-28
0821350381,81979,2021-09-02
0822215859,781113,2024-04-23
0822243041,205974,2022-08-09
0821587861,328605,2022-10-02
1850108483,101093,2021-11-18
0822060999,911413,2025-08-19
0822242972,78618,2021-08-26
0822209314,62284,2021-05-29
0821545697,26942,2020-12-25
0821871044,31009,2021-01-23
0821579608,34845,2021-02-17
0822244499,784858,2024-05-08
1850037167,98583,2021-11-08
0822236013,347206,2022-10-17
0821211373,847276,2025-01-23
0822058376,72236,2021-07-28
0821799716,67347,2021-06-23
0821586140,790688,2024-06-03
0821586553,90608,2021-10-09
1850082190,571936,2023-05-31
0822319934,82979,2021-09-07
0822313390,85590,2021-09-18
0822298618,85251,2021-09-16
0821796837,26073,2020-12-19
0821746858,27391,2020-12-28
0821892689,56769,2021-05-06
0821211189,624,2019-12-19
0822243041,74511,2021-08-09
0822063924,872253,2025-04-17
1850041990,127635,2022-04-03
0821746604,27158,2020-12-27
0822063114,881470,2025-05-18
0821933217,793254,2024-06-12
0821892430,353188,2022-10-21
0821543149,16828,2020-11-02
0821386187,2327,2020-07-04
0822313084,673502,2023-09-25
1850049850,813291,2024-09-16
0821895422,59900,2021-05-20
0822215776,68534,2021-06-29
0821543471,24914,2020-11-29
0821895520,56412,2021-05-05
0821895422,60762,2021-05-23
0822315793,759996,2024-01-22
0821570109,143469,2022-05-31
0821581164,426206,2022-12-07
0821872565,88310,2021-09-28
0822059280,91783,2021-10-13
0821898103,108642,2021-12-30
1850075624,810521,2024-09-03
0821872857,875944,2025-05-03
0821930449,917355,2025-09-09
0821895692,839690,2024-12-25
V9E0007273,872693,2025-04-20
0821545697,468181,2023-02-14
0822211169,107645,2021-12-23
0822241010,107570,2021-12-23
0821589208,469604,2023-02-15
0822235418,480142,2023-02-26
0821537055,759676,2024-01-21
0822236952,681841,2023-10-08
0821895422,61394,2021-05-25
0821929409,788121,2024-05-22
0821928118,564789,2023-05-25
0821536857,6559,2020-09-15
0821893861,630250,2023-07-25
1850083270,791013,2024-06-04
0821348700,761245,2024-01-29
0822237071,111300,2022-01-17
0821705701,115812,2022-02-08
0821871703,445291,2023-01-09
1850074439,118240,2022-02-20
0821897423,807914,2024-08-22
0821893370,879296,2025-05-14
1850077087,130677,2022-04-17
0821579459,98959,2021-11-10
1850079641,810164,2024-09-02
1850039715,168851,2022-07-06
0821709299,570477,2023-05-30
0821873024,55952,2021-05-04
0821872762,50956,2021-04-15
0821929822,406403,2022-11-13
0821897234,659230,2023-09-05
0822235683,815095,2024-09-23
0821706348,805360,2024-08-12
0822239947,825160,2024-11-06
0821537106,168400,2022-07-05
0821747258,47665,2021-04-03
0821932512,51849,2021-04-19
0821896747,44068,2021-03-17
0821895422,63604,2021-06-03
0821386228,1798,2020-05-18
0821705498,8539,2020-09-29
1850079293,875084,2025-04-29
0822298311,912572,2025-08-24
0822295839,913894,2025-08-28
0821895545,766875,2024-02-21
1850080011,320098,2022-09-26
0822296323,861823,2025-03-10
0821707997,43213,2021-03-13
0821895422,59913,2021-05-20
0822215869,700527,2023-11-05
0821929485,124768,2022-03-17
0822319295,640041,2023-08-08
0822319915,814420,2024-09-20
0822062702,663413,2023-09-11
0822240817,85319,2021-09-16
0821931281,808666,2024-08-26
0822313398,555350,2023-05-16
0821545651,164778,2022-06-28
1850076480,659431,2023-09-05
0821895580,44554,2021-03-20
0821211495,1044,2020-02-05
1850074473,210229,2022-08-11
0821542655,17781,2020-11-05
0821895422,58399,2021-05-11
0821896729,131981,2022-04-24
0822059042,645889,2023-08-17
1850029981,865138,2025-03-20
0822059123,167884,2022-07-05
0821933678,65591,2021-06-10
0821798847,26072,2020-12-19
0822238664,841415,2024-12-31
V9E0010873,855970,2025-02-20
0821539187,862118,2025-03-11
0821705467,902424,2025-07-23
0822233518,915055,2025-09-01
1850049850,349314,2022-10-18
1850056631,94335,2021-10-23
0821543471,24925,2020-11-29
0822244138,470194,2023-02-15
0821545697,26916,2020-12-25
0821927935,47295,2021-03-31
0821931503,591223,2023-06-15
0821580563,845910,2025-01-19
0821545366,899892,2025-07-17
0821873904,536605,2023-05-03
1850037855,330428,2022-10-03
0822238588,73775,2021-08-05
1850108723,107109,2021-12-21
0821897364,906848,2025-08-05
0821933598,782542,2024-04-30
0821874266,173665,2022-07-18
0822237905,800545,2024-07-21
1850083099,106497,2021-12-18
0822253273,82508,2021-09-06
0821894650,75842,2021-08-16
0822242891,895074,2025-07-02
0821294324,889270,2025-06-12
0822311700,810312,2024-09-02
0822298587,96832,2021-10-31
0821871622,879084,2025-05-14
0821538171,883445,2025-05-22
0822295839,889914,2025-06-15
1180122917,906293,2025-08-04
0822242716,468178,2023-02-14
0821894467,555945,2023-05-17
0821932931,178602,2022-07-25
0821705498,166359,2022-07-02
0821541572,786512,2024-05-15
0822215875,694492,2023-10-25
0821931134,658049,2023-09-04
0821874048,889154,2025-06-12
0821928816,792427,2024-06-10
0821709440,10856,2020-10-12
0821588535,22278,2020-11-19
0821896168,161830,2022-06-22
0821350145,912540,2025-08-24
0821930238,28005,2021-01-03
0821895422,60404,2021-05-22
0821745899,50626,2021-04-15
0822208618,72484,2021-07-29
0821871542,104810,2021-12-09
0821581164,776626,2024-04-03
0821897144,56391,2021-05-05
0821570264,4216,2020-08-24
0821580805,162302,2022-06-23
0821897829,758803,2024-01-17
0822244255,284036,2022-09-08
1850040014,488332,2023-03-08
1850076971,104989,2021-12-11
0821590316,683266,2023-10-09
0821747106,446704,2023-01-11
1850042147,836850,2024-12-16
0821705775,698289,2023-10-30
0821900716,905297,2025-07-31
0821210954,367122,2022-11-03
0822311198,85329,2021-09-16
0821590297,833344,2024-12-03
0821873168,31884,2021-01-30
0821538396,891172,2025-06-19
0822238543,843147,2025-01-08
0821871542,132384,2022-04-26
0821934138,915222,2025-09-01
0822215847,795082,2024-06-25
0821570385,793005,2024-06-11
0821707788,12331,2020-10-18
0821929049,797107,2024-07-04
0822298771,909615,2025-08-13
0822236780,429286,2022-12-13
1850082733,755513,2024-01-03
0822234052,81968,2021-09-02
0821589262,785884,2024-05-13
0822240222,622114,2023-07-10
0821931982,475611,2023-02-20
0821933457,59533,2021-05-19
1850037367,415246,2022-11-22
1850037852,110668,2022-01-12
0821580764,6305,2020-09-14
0821536385,665470,2023-09-14
0822060069,799440,2024-07-16
0822233741,69593,2021-07-05
1850021498,763075,2024-02-06
0821536506,860391,2025-03-05
0821895422,59926,2021-05-20
0821895099,44948,2021-03-21
0821706220,51806,2021-04-19
0821543073,15814,2020-10-29
0821706523,148875,2022-06-07
0822236163,81451,2021-08-31
0821543273,587519,2023-06-12
0821580805,763450,2024-02-07
0821935379,482571,2023-03-01
1850079584,810492,2024-09-03
0822312280,683283,2023-10-09
0822240817,89500,2021-10-03
0822061074,797653,2024-07-07
1850082485,804359,2024-08-07
0821898126,897463,2025-07-10
0821930068,858064,2025-02-26
1850035855,153202,2022-06-12
0821896728,429300,2022-12-13
0822254053,85084,2021-09-15
0821932189,88079,2021-09-27
1850077739,89919,2021-10-05
0822234113,70531,2021-07-08
0821588910,21395,2020-11-17
1850039895,147768,2022-06-06
1180122922,906294,2025-08-04
0821536137,44907,2021-03-21
0821706157,7720,2020-09-25
0822243563,892039,2025-06-23
0821706609,7975,2020-09-27
0821589262,24224,2020-11-26
0822311700,911958,2025-08-21
0822235470,815618,2024-09-25
0821579459,21127,2020-11-17
0821545697,26928,2020-12-25
0821745795,27104,2020-12-27
0822207851,901519,2025-07-22
0821935961,782923,2024-05-01
0821893609,772865,2024-03-18
0821897580,793218,2024-06-12
1850076535,810588,2024-09-03
0821587464,882734,2025-05-21
0821927899,837163,2024-12-16
0821893082,29863,2021-01-16
0821897241,795686,2024-06-27
1850039410,136739,2022-05-22
0821928152,56438,2021-05-05
0822213839,69470,2021-07-04
0821895651,51012,2021-04-15
0821891929,55623,2021-05-04
0821891758,57645,2021-05-09
0822296323,810950,2024-09-04
0821894650,365022,2022-11-01
0822059123,363112,2022-10-31
1850042094,844907,2025-01-15
1850081803,98568,2021-11-08
0821588203,807343,2024-08-20
0822237610,336436,2022-10-09
1850056635,350301,2022-10-19
0821930727,896120,2025-07-06
0822234805,901215,2025-07-21
0821930455,916946,2025-09-08
0821588910,35755,2021-02-24
0821707209,23152,2020-11-22
1850082874,93238,2021-10-18
0821745778,112977,2022-01-25
0821873792,830897,2024-11-25
0821536120,834939,2024-12-09
0821871790,53347,2021-04-24
0822242972,839453,2024-12-24
0821933217,644768,2023-08-16
0821932946,104991,2021-12-11
0822058998,115895,2022-02-08
1850035492,126102,2022-03-23
1850077556,795324,2024-06-26
1850076196,856905,2025-02-23
0821706255,823848,2024-10-31
0821871311,30284,2021-01-18
0821468636,434797,2022-12-21
0821543733,46052,2021-03-25
0822235709,907528,2025-08-07
0822239917,908720,2025-08-11
0821897459,53382,2021-04-24
0822240121,792231,2024-06-09
0822253149,792482,2024-06-10
0822059667,677088,2023-10-01
0821587026,793392,2024-06-13
1850077332,802173,2024-07-29
0821537765,22023,2020-11-18
0821898415,853875,2025-02-16
0821540067,24486,2020-11-28
V9E0017558,854230,2025-02-17
V9E0015778,857953,2025-02-26
0821871694,59598,2021-05-19
0821873792,813842,2024-09-17
0821897407,825659,2024-11-07
0822060127,100507,2021-11-17
0821892438,114942,2022-02-02
0821928311,156672,2022-06-15
0822235172,765830,2024-02-18
0821934138,623219,2023-07-12
1850077127,92647,2021-10-17
1850080215,780460,2024-04-21
0822065862,770560,2024-03-07
0821536644,901222,2025-07-21
0821587342,17461,2020-11-04
0821893296,786151,2024-05-14
0822242395,648345,2023-08-21
0821930428,801910,2024-07-28
0821589349,790866,2024-06-03
0822313269,294412,2022-09-12
1850076247,855433,2025-02-19
0821895436,404982,2022-11-11
0821708851,863681,2025-03-16
0822211625,77187,2021-08-21
0822243967,144661,2022-06-02
0821871981,55679,2021-05-04
0821748682,102749,2021-11-27
1850082401,100774,2021-11-17
0821587365,164221,2022-06-27
0821872702,42035,2021-03-04
0822238043,71086,2021-07-13
0821895340,52593,2021-04-22
0821543471,24921,2020-11-29
0821873753,121223,2022-03-06
1850036608,127192,2022-03-29
0822254255,87091,2021-09-23
0821898662,47082,2021-03-31
0821873802,51826,2021-04-19
0821935379,68849,2021-06-30
0822059280,66456,2021-06-18
0821897765,58916,2021-05-17
0822061246,84222,2021-09-12
1850075074,105526,2021-12-13
0821930857,148055,2022-06-06
0821897282,787608,2024-05-20
V9E0013512,907177,2025-08-06
0821931951,133593,2022-05-10
0821570374,146405,2022-06-04
0821931167,416905,2022-11-24
1850079582,107422,2021-12-22
0821704914,94467,2021-10-24
0821892436,72782,2021-08-01
1850081574,115781,2022-02-07
0821570257,115983,2022-02-08
0822319295,82730,2021-09-06
0822211077,88785,2021-09-29
0821900985,487811,2023-03-07
0821707472,8099,2020-09-27
0821897860,328469,2022-10-02
0821706523,489355,2023-03-09
0821936437,366058,2022-11-02
0822235064,97041,2021-10-31
0822312952,91648,2021-10-12
0821114880,1079,2020-02-09
0821587936,33520,2021-02-09
0821891187,129035,2022-04-10
0821895520,512798,2023-04-13
0821544973,662966,2023-09-11
0821210100,761232,2024-01-29
0822298330,494894,2023-03-16
0821933499,879665,2025-05-15
1850076560,92471,2021-10-15
1850073827,104048,2021-12-05
0822059590,181665,2022-07-28
0822060191,52778,2021-04-22
0821894460,147004,2022-06-05
0821539819,27477,2020-12-28
0821893092,55217,2021-04-30
0821748438,36283,2021-03-03
0821932006,135945,2022-05-18
0821586935,103472,2021-12-01
0821874019,820080,2024-10-16
1850034770,817088,2024-10-02
0822235460,84469,2021-09-13
0821930256,488620,2023-03-08
1850076248,123076,2022-03-13
0821745661,99420,2021-11-13
0821709214,36020,2021-02-27
0821936135,365034,2022-11-01
0821537106,414252,2022-11-21
0822298771,450174,2023-01-16
0822298169,98886,2021-11-10
0822296432,904392,2025-07-29
0821895422,60376,2021-05-22
0822239530,110393,2022-01-11
0822238470,908928,2025-08-12
0821538031,543767,2023-05-08
0822298283,428181,2022-12-11
1850079485,91026,2021-10-10
0821385977,2230,2020-07-01
1850034395,830840,2024-11-25
1850079584,664296,2023-09-12
0822058090,138076,2022-05-24
1850037610,331893,2022-10-04
0822295976,899857,2025-07-17
0821579849,789371,2024-05-28
0821901050,683277,2023-10-09
0821799242,761234,2024-01-29
0822239060,801073,2024-07-23
1850048185,807363,2024-08-20
1850081809,93811,2021-10-20
0821872561,887223,2025-06-03
0821931194,859961,2025-03-04
0822234895,644976,2023-08-16
0822253480,594816,2023-06-18
0821538031,826396,2024-11-10
0821936092,886158,2025-05-31
1850056631,827078,2024-11-12
0822244277,702716,2023-11-12
0821708144,10072,2020-10-07
1850054658,134197,2022-05-11
0821588053,758531,2024-01-16
1850027818,201355,2022-08-07
0821536863,4499,2020-08-26
0821707997,885007,2025-05-27
0822210096,894252,2025-06-30
0821587936,24642,2020-11-29
0822312289,435464,2022-12-22
0821893861,482438,2023-03-01
0821896785,45595,2021-03-23
0822236953,84805,2021-09-14
0822058400,91408,2021-10-11
0821928377,106332,2021-12-16
0821543273,121419,2022-03-06
0822295857,75186,2021-08-11
0821897241,49947,2021-04-13
0821539819,899141,2025-07-15
1850083099,493855,2023-03-15
0821589850,341185,2022-10-12
0822298283,351740,2022-10-20
0822058998,350612,2022-10-19
0822241756,373666,2022-11-09
0822237074,459234,2023-01-30
0821543743,19467,2020-11-12
0821705392,8152,2020-09-27
1850075073,896552,2025-07-08
0821708195,103696,2021-12-02
V9E0015704,861556,2025-03-09
0821895422,59818,2021-05-20
0821893804,456127,2023-01-24
0821579459,21140,2020-11-17
0822236410,830549,2024-11-24
0821536120,6087,2020-09-12
0821932725,892637,2025-06-25
0821932562,894144,2025-06-29
0822238645,914454,2025-08-30
0821930869,279005,2022-09-06
1850047486,119598,2022-02-26
1180121906,904394,2025-07-29
0821542880,135937,2022-05-18
1850038215,122324,2022-03-09
1850079463,709089,2023-12-06
0822315326,322025,2022-09-27
0821707114,508934,2023-04-09
1850108522,337843,2022-10-10
1850080335,104032,2021-12-05
0822238446,110363,2022-01-11
0821350427,3851,2020-08-18
0821544042,487912,2023-03-07
0821929675,623297,2023-07-12
0821892525,698259,2023-10-30
0821935435,842601,2025-01-06
0821210954,1134,2020-02-17
0821929373,35732,2021-02-24
0821705467,752622,2023-12-20
0821936747,208460,2022-08-10
0821871638,43332,2021-03-14
0821587975,105655,2021-12-13
0821892574,45893,2021-03-24
0821928486,45058,2021-03-21
0821901029,66135,2021-06-14
0821543471,25002,2020-11-30
1850078059,810709,2024-09-03
0821580562,169799,2022-07-08
0822240281,672535,2023-09-24
0821928715,28364,2021-01-05
0822315793,706069,2023-11-25
0821580884,451453,2023-01-18
0822066343,441219,2023-01-02
0822215928,886557,2025-06-01
0821590316,580698,2023-06-07
0821931134,663420,2023-09-11
0821895719,841081,2024-12-30
0821590209,848262,2025-01-27
0821545429,709198,2023-12-06
0821708635,107426,2021-12-22
0821895422,59909,2021-05-20
0822063630,841209,2024-12-31
1850035007,324935,2022-09-29
0821708195,13013,2020-10-21
0821542546,19717,2020-11-12
0821390497,4117,2020-08-22
0821706523,115485,2022-02-06
0821873197,430779,2022-12-15
0822254053,101221,2021-11-20
1850037236,89864,2021-10-04
0821586935,231966,2022-08-19
V9E0014488,876187,2025-05-05
0822058376,852683,2025-02-12
0822319909,877234,2025-05-08
1850035045,127327,2022-03-30
0821543004,107992,2021-12-26
0821929495,61007,2021-05-24
0821545697,26908,2020-12-25
0821936585,890184,2025-06-16
1850034093,855455,2025-02-19
0822235064,357977,2022-10-26
0821931134,153725,2022-06-12
0822208020,787557,2024-05-20
0822298811,167617,2022-07-04
0822297590,84782,2021-09-14
0821536249,903169,2025-07-27
0821586954,909359,2025-08-13
0821929769,308846,2022-09-19
0821928588,489277,2023-03-09
0822312445,84865,2021-09-14
0822298283,88781,2021-09-29
1850081793,97968,2021-11-04
0821896747,331504,2022-10-04
0821537026,405444,2022-11-12
0822295847,113834,2022-01-29
1850079711,95897,2021-10-27
0821709299,125739,2022-03-22
0822315160,96046,2021-10-28
0821537330,8144,2020-09-27
0821708604,17144,2020-11-03
0821570143,3301,2020-08-11
0821579459,21161,2020-11-17
0822298279,773056,2024-03-19
1850076357,96178,2021-10-28
0822064796,117214,2022-02-14
1850031452,264612,2022-08-31
0822236462,878076,2025-05-12
V9E0011311,855313,2025-02-19
1850030773,133381,2022-05-09
0822237039,822662,2024-10-28
1850027818,849753,2025-02-02
0822236643,871834,2025-04-16
0821930072,137411,2022-05-23
0821896800,141000,2022-05-28
0821873168,435471,2022-12-22
1850048577,840901,2024-12-30
0821570261,821035,2024-10-20
0821932237,863492,2025-03-16
0821536616,4592,2020-08-26
0821543471,24855,2020-11-29
0821590297,264885,2022-08-31
0821708003,145194,2022-06-02
1850037789,89765,2021-10-04
0821570352,846278,2025-01-20
1850082481,884458,2025-05-26
0822297789,884041,2025-05-25
0822320197,88403,2021-09-28
0821892570,150469,2022-06-08
0821242426,1163,2020-02-19
0822062177,65058,2021-06-07
0822216095,78505,2021-08-25
0821896407,774846,2024-03-26
0821543471,758193,2024-01-15
0821536979,856098,2025-02-20
0821298489,883313,2025-05-22
0821936135,872750,2025-04-20
0822298716,87574,2021-09-26
0822314484,859974,2025-03-04
0821798092,914464,2025-08-30
0821874056,44129,2021-03-17
1850079711,896471,2025-07-08
1850076480,810085,2024-09-02
0821896181,832753,2024-12-01
1850108215,853171,2025-02-13
0821893101,351521,2022-10-20
1850034492,820204,2024-10-17
0821589208,795087,2024-06-25
0822295934,66275,2021-06-16
0821935718,68630,2021-06-29
0821895545,443338,2023-01-05
0821896286,837830,2024-12-18
0822211823,810364,2024-09-02
0821348670,344955,2022-10-15
0821746705,798212,2024-07-09
0822237447,509448,2023-04-09
0821538175,25758,2020-12-16
1850081574,793154,2024-06-12
0821928400,844035,2025-01-12
0822319833,845890,2025-01-19
0822242972,860701,2025-03-06
0821895340,866873,2025-03-26
0821539111,586396,2023-06-12
0821536405,825621,2024-11-07
0822236908,150522,2022-06-08
0821708501,759143,2024-01-18
1850074329,153041,2022-06-12
0821543471,24806,2020-11-29
0822253328,891649,2025-06-22
0822233300,909971,2025-08-14
1850021704,879225,2025-05-14
0821898446,858341,2025-02-27
1850037244,107382,2021-12-22
0821931741,671868,2023-09-23
0821545813,889083,2025-06-11
0822061201,116592,2022-02-12
0821587225,802986,2024-08-01
0822311574,85050,2021-09-15
1850079123,100130,2021-11-15
0822235902,905281,2025-07-31
0822238293,909414,2025-08-13
0821705765,8478,2020-09-28
0821746077,552738,2023-05-14
0821580562,888981,2025-06-11
0822060505,57210,2021-05-08
1850034595,167942,2022-07-05
0822243742,820090,2024-10-16
1850082315,107001,2021-12-20
0821892430,191376,2022-08-03
0822298132,364970,2022-11-01
0822240952,908751,2025-08-11
0821800842,907470,2025-08-07
0822312468,911573,2025-08-20
0822237197,901262,2025-07-21
0821537330,828887,2024-11-19
0821705755,116964,2022-02-14
0822235064,81420,2021-08-31
0821893151,698328,2023-10-30
0821705166,10130,2020-10-07
0821543471,24797,2020-11-29
0821894341,580081,2023-06-07
0821895340,799182,2024-07-15
0822319833,853911,2025-02-16
0821929373,91370,2021-10-11
0821930798,580441,2023-06-07
0821934087,124677,2022-03-17
0821542916,96725,2021-10-31
0821898304,65601,2021-06-10
0822298091,83291,2021-09-08
0821930709,898296,2025-07-13
0821706071,806009,2024-08-14
0822242105,105719,2021-12-14
1850035726,889940,2025-06-15
0821872832,51958,2021-04-19
0821935135,44253,2021-03-17
0822239689,903548,2025-07-28
0821900907,101535,2021-11-21
0821897635,50561,2021-04-14
0821386141,169356,2022-07-07
0821872436,290206,2022-09-10
0821928092,104086,2021-12-05
1850035482,684458,2023-10-11
0821385931,44203,2021-03-17
0821539897,19913,2020-11-14
1850036500,356294,2022-10-24
0822240689,669763,2023-09-20
0821706715,487911,2023-03-07
0821590209,67404,2021-06-24
1850037249,122426,2022-03-09
1850079271,95621,2021-10-26
0821895422,59854,2021-05-20
0821893940,89410,2021-10-02
0821892932,28675,2021-01-09
0821539168,591617,2023-06-15
0821707472,638620,2023-08-07
0821929485,72288,2021-07-29
0822297737,83083,2021-09-08
0822311244,85522,2021-09-18
1850035684,762851,2024-02-05
1180127537,904142,2025-07-29
1850073827,849959,2025-02-03
0821892844,455167,2023-01-23
0821708112,10908,2020-10-12
0821705646,434750,2022-12-21
0822060127,68855,2021-06-30
1850075924,889934,2025-06-15
0822235638,547609,2023-05-10
0822063999,172491,2022-07-17
1850077100,191876,2022-08-03
0821873168,226716,2022-08-17
1850039040,129304,2022-04-11
1850035522,114958,2022-02-03
0821895422,63407,2021-06-02
0821893940,89983,2021-10-05
0821538318,193505,2022-08-04
0822060069,209027,2022-08-10
0821748826,848521,2025-01-28
0821707474,372688,2022-11-08
1850041724,95004,2021-10-25
0822242891,71383,2021-07-14
0821892521,66342,2021-06-16
0821579852,102466,2021-11-25
1850041714,99628,2021-11-14
0821928480,83378,2021-09-08
0822065922,808879,2024-08-27
1850075829,96375,2021-10-29
0821708087,30801,2021-01-21
1850022348,833190,2024-12-02
0822298587,99067,2021-11-10
0822240817,172859,2022-07-17
0821578332,351710,2022-10-20
1850108435,627513,2023-07-20
0821936745,816807,2024-10-01
0821536863,859646,2025-03-03
1850027561,121909,2022-03-08
0821900759,816388,2024-09-29
0821936298,818678,2024-10-10
0821211323,761229,2024-01-29
0821873789,801180,2024-07-23
1850027449,143721,2022-06-01
0821587773,164774,2022-06-28
0821892296,785127,2024-05-09
0822244327,906457,2025-08-04
0821537383,805401,2024-08-12
0821539192,859429,2025-03-02
0822237938,755296,2024-01-02
0821896594,154811,2022-06-13
1850082740,93194,2021-10-18
0821933583,53364,2021-04-24
0821873610,216335,2022-08-13
0821542854,894922,2025-07-01
0822319918,910860,2025-08-18
0822059012,168899,2022-07-06
0821538171,835281,2024-12-10
0821539192,838709,2024-12-22
0821892318,878657,2025-05-13
1850027561,350857,2022-10-20
0821897234,44296,2021-03-18
0821545697,26919,2020-12-25
0821543471,24918,2020-11-29
0821580562,318613,2022-09-25
0821894341,860518,2025-03-05
0822298149,701146,2023-11-07
0822211597,851631,2025-02-09
0822235599,448693,2023-01-14
0821895284,56266,2021-05-05
0822059003,59848,2021-05-20
0821874266,665474,2023-09-14
0821543733,644966,2023-08-16
0821892932,28666,2021-01-09
0822063114,85069,2021-09-15
0821585875,820237,2024-10-17
0821570140,3359,2020-08-12
0822061746,599770,2023-06-21
0821934087,501338,2023-03-26
1850108530,528728,2023-04-27
0822059486,170459,2022-07-10
1850036942,122931,2022-03-12
1850079584,784555,2024-05-08
0822238604,789679,2024-05-29
0821543002,274583,2022-09-04
0821570352,902215,2025-07-23
0822063114,125068,2022-03-19
0821871790,122950,2022-03-12
0822241605,75895,2021-08-16
1850079903,89792,2021-10-04
0822235662,829287,2024-11-20
0821931936,857220,2025-02-24
0822208362,914753,2025-08-31
0822215330,908995,2025-08-12
0822234314,908753,2025-08-11
0822236089,907473,2025-08-07
0822298247,908994,2025-08-12
0821801239,910852,2025-08-18
0821707403,825433,2024-11-06
0821706520,852676,2025-02-12
0821537153,111780,2022-01-19
0822253149,175935,2022-07-21
0822235792,193519,2022-08-04
0821543149,901194,2025-07-21
0821210949,513,2019-12-04
0821538772,7353,2020-09-23
0821579460,31707,2021-01-27
0822237988,764572,2024-02-12
1850039562,505991,2023-04-03
1850076971,842730,2025-01-06
0821543812,833119,2024-12-02
0822298126,174907,2022-07-20
0822298123,89507,2021-10-03
0821871973,135610,2022-05-17
0821895630,785092,2024-05-09
0821871290,117121,2022-02-14
0822236551,753758,2023-12-25
0821586630,699735,2023-11-01
0821538171,493843,2023-03-15
0822312455,82747,2021-09-06
0821745889,619751,2023-07-06
0821580278,15422,2020-10-28
0821590209,26684,2020-12-24
0822058376,341023,2022-10-12
0821895422,63133,2021-06-01
0822060890,60461,2021-05-22
V9E0015774,862757,2025-03-12
1180121387,883216,2025-05-22
1850041635,95478,2021-10-26
0821934138,44519,2021-03-20
0821590968,876013,2025-05-04
0822312081,80683,2021-08-29
0822253480,366222,2022-11-02
1850079007,155436,2022-06-14
0822243041,847485,2025-01-23
1850039029,130479,2022-04-16
0821871475,901258,2025-07-21
0822244269,189877,2022-08-02
0821932655,30200,2021-01-18
0821895422,433871,2022-12-20
0821896565,58675,2021-05-15
0822065589,58204,2021-05-10
0821538229,76157,2021-08-17
0821586381,163865,2022-06-26
0821580531,34749,2021-02-17
0822313043,434719,2022-12-21
1850031520,208789,2022-08-10
0821896052,754241,2023-12-27
0821586533,815405,2024-09-24
0821580079,434809,2022-12-21
0821706845,11359,2020-10-14
0821580925,34049,2021-02-14
1850075074,861580,2025-03-09
1850080226,867273,2025-03-27
1850077127,136502,2022-05-21
0822240986,73895,2021-08-05
0821870960,899180,2025-07-15
0821580232,79102,2021-08-28
0822242972,88199,2021-09-27
0821579883,24453,2020-11-28
1850048612,103167,2021-11-29
0821931999,45049,2021-03-21
0821872762,78610,2021-08-26
0821707338,29560,2021-01-15
0821746585,91486,2021-10-12
0822298457,753703,2023-12-25
1850080013,767720,2024-02-25
0821579983,16266,2020-10-31
0821586869,825517,2024-11-07
0822244499,850552,2025-02-04
V9E0012779,876379,2025-05-05
0821590316,896760,2025-07-09
1850080962,136098,2022-05-19
0821934687,770201,2024-03-06
0822208133,111171,2022-01-16
0822216095,129255,2022-04-11
1850077095,101606,2021-11-21
0821588305,756444,2024-01-08
0821797692,119167,2022-02-23
0821592989,34394,2021-02-15
0821580925,6830,2020-09-19
0821892436,771167,2024-03-10
0821708144,881981,2025-05-19
1850021561,120824,2022-03-03
0821928480,120904,2022-03-03
0821590603,889809,2025-06-15
0821801239,53138,2021-04-24
1850074566,93095,2021-10-18
0821930597,433191,2022-12-19
0821895520,237225,2022-08-21
0822238334,831535,2024-11-27
0821935766,822476,2024-10-27
0821895545,876207,2025-05-05
0821588535,822439,2024-10-27
1850109096,706578,2023-11-27
1850038703,89909,2021-10-05
1850108215,89485,2021-10-03
0821536174,104404,2021-12-07
0821929702,105576,2021-12-13
0821705765,89568,2021-10-03
1850037610,828938,2024-11-19
1850033042,132731,2022-04-28
0821872300,150896,2022-06-08
0822312290,867336,2025-03-27
0821386381,2874,2020-07-23
0821895422,63597,2021-06-03
0821895422,63626,2021-06-03
0821895422,59125,2021-05-18
0821545739,14299,2020-10-25
0821929899,52367,2021-04-21
0821895436,89466,2021-10-02
0821872762,52612,2021-04-22
0821748384,27103,2020-12-27
0821898239,821837,2024-10-24
V9E0015045,861553,2025-03-09
0821799716,25871,2020-12-19
0821872946,56931,2021-05-06
0821570165,3892,2020-08-18
0821580852,65824,2021-06-11
0821748486,27303,2020-12-28
1850108606,414229,2022-11-21
0822244160,460883,2023-02-02
0822235616,874075,2025-04-25
0822240179,72289,2021-07-29
0822298146,342134,2022-10-13
1850048995,90050,2021-10-05
0822239947,87930,2021-09-27
0822243555,352098,2022-10-20
0821545697,356522,2022-10-24
0821545557,441882,2023-01-03
0821932037,132887,2022-04-30
0821800848,18624,2020-11-09
1850047820,851602,2025-02-09
0821570385,810988,2024-09-04
0822312302,824568,2024-11-04
1850078983,93643,2021-10-19
0821706179,811593,2024-09-08
1850040763,795340,2024-06-26
0821543743,793241,2024-06-12
0822237905,835529,2024-12-11
0821896565,849574,2025-02-01
0821936437,56726,2021-05-06
0822207590,69377,2021-07-04
0822211483,672531,2023-09-24
0822238091,118075,2022-02-18
0821894436,535463,2023-05-02
0822235542,788471,2024-05-23
1850078113,892957,2025-06-25
0822244052,355662,2022-10-23
0821893398,433160,2022-12-19
0822059054,618434,2023-07-04
1850076480,784509,2024-05-08
0822063494,785567,2024-05-12
0822235482,163731,2022-06-26
0822237543,135095,2022-05-16
0822312455,881702,2025-05-18
1850052885,854255,2025-02-17
0822297921,755359,2024-01-02
1850080735,830838,2024-11-25
0822239201,909243,2025-08-12
0821896565,758913,2024-01-17
1850038168,775301,2024-03-28
0821893112,839685,2024-12-25
0821545918,833721,2024-12-04
0821587681,591921,2023-06-15
0822233905,800798,2024-07-22
V9E0014391,871571,2025-04-15
1180121418,872051,2025-04-17
0822315009,79001,2021-08-26
0822311807,890662,2025-06-18
0822244033,857836,2025-02-26
0821538805,859510,2025-03-02
0821892844,174328,2022-07-19
0822240747,892772,2025-06-25
0821797574,47397,2021-04-01
1850028590,843142,2025-01-08
0821900972,869401,2025-04-08
0821897765,885721,2025-05-29
0822064225,909529,2025-08-13
0822234535,905374,2025-07-31
0821588008,790676,2024-06-03
0821894650,812631,2024-09-12
1850053923,827350,2024-11-13
0822215869,865150,2025-03-20
0822298730,887199,2025-06-03
0822297625,79138,2021-08-28
1850041775,125669,2022-03-22
0821898302,60417,2021-05-22
0821931160,155759,2022-06-14
0821896593,168876,2022-07-06
0821898296,56902,2021-05-06
0821895422,58499,2021-05-11
0821707472,831186,2024-11-26
0822244274,100687,2021-11-17
1850038938,120963,2022-03-04
0821933020,161695,2022-06-22
0822295943,445233,2023-01-09
0821931936,349507,2022-10-19
0821210949,820279,2024-10-17
0821871973,787973,2024-05-21
0822216109,820920,2024-10-20
V9E0006750,837530,2024-12-17
0821891363,32234,2021-02-01
1850108805,461028,2023-02-02
0822061983,57956,2021-05-09
0821748332,48496,2021-04-08
1850035492,643759,2023-08-14
0821932705,47435,2021-04-01
0821587681,21317,2020-11-17
0822253186,812331,2024-09-11
0822312081,154154,2022-06-13
0821897778,68011,2021-06-28
0822215762,69874,2021-07-05
0822253514,87684,2021-09-26
0821931699,107906,2021-12-25
1850049309,89910,2021-10-05
0822297722,93799,2021-10-20
0822238293,80676,2021-08-29
1850037382,100995,2021-11-18
0821893940,111910,2022-01-19
0821873024,111299,2022-01-17
1850048324,412901,2022-11-20
0822237197,589865,2023-06-14
0821536211,759501,2024-01-20
0822240908,107658,2021-12-23
1850048978,788152,2024-05-22
1850080638,324859,2022-09-29
0822296168,441947,2023-01-03
0821580079,797872,2024-07-08
0821931764,828428,2024-11-17
0822237071,347359,2022-10-17
0822244129,835999,2024-12-12
0821897533,864843,2025-03-19
1850028869,175979,2022-07-21
1850054448,785109,2024-05-09
0822244176,130614,2022-04-17
V9E0011830,869920,2025-04-09
0821933598,580153,2023-06-07
0821872321,104877,2021-12-09
0821543070,14498,2020-10-25
0822059042,112068,2022-01-20
0821708284,126196,2022-03-24
1180124440,912849,2025-08-25
0822234052,824304,2024-11-03
0821348670,760339,2024-01-24
0821536848,6346,2020-09-14
0821873747,824706,2024-11-04
0821929575,30062,2021-01-17
0822215928,108474,2021-12-29
0821931174,885747,2025-05-29
0821587026,826398,2024-11-10
0821935907,45529,2021-03-23
0822236339,881134,2025-05-17
0821351832,159283,2022-06-19
0821927517,50779,2021-04-15
0821895772,428699,2022-12-12
1850108856,320048,2022-09-26
0822240295,598105,2023-06-20
0821935891,564638,2023-05-25
0821892570,824398,2024-11-03
0822319918,793276,2024-06-12
1850037331,820376,2024-10-17
0822312693,86170,2021-09-20
0821872762,52629,2021-04-22
0821390530,5011,2020-08-30
0822236011,804116,2024-08-06
0822315008,81016,2021-08-30
0821934855,885708,2025-05-29
1850079005,869792,2025-04-09
0821570257,877211,2025-05-08
0821589431,73241,2021-08-02
1850027449,775824,2024-03-31
0821871738,889269,2025-06-12
0821708078,663365,2023-09-11
0821536855,6572,2020-09-15
0821348711,898624,2025-07-14
0822239771,904994,2025-07-30
0821927517,868785,2025-04-06
0821537708,881896,2025-05-19
0822234067,902583,2025-07-24
0821896800,898192,2025-07-13
0821706157,7723,2020-09-25
0821872300,871404,2025-04-15
1850036942,709175,2023-12-06
0821935896,887189,2025-06-03
0822062196,98281,2021-11-07
0821545697,26921,2020-12-25
0822244328,896776,2025-07-09
0821537055,707356,2023-11-29
0822241010,909886,2025-08-14
0821891139,909452,2025-08-13
0821896800,51664,2021-04-18
0821542916,32043,2021-02-01
1850077783,100102,2021-11-15
0822063108,74181,2021-08-08
0821590593,441827,2023-01-03
0821893398,116246,2022-02-09
0821900880,60202,2021-05-20
0822236226,643698,2023-08-14
0822243552,78742,2021-08-26
0821873030,779748,2024-04-17
0821586463,23861,2020-11-24
0821707338,10524,2020-10-11
0821900716,80482,2021-08-29
0821545806,13724,2020-10-23
0821542854,25237,2020-12-07
0821542916,32044,2021-02-01
0821542522,12510,2020-10-19
0822065589,289644,2022-09-10
0821897829,480080,2023-02-26
0821589208,23044,2020-11-21
0821893836,555206,2023-05-16
0821934260,51359,2021-04-17
0821931741,48081,2021-04-06
0822242091,815510,2024-09-25
0822062835,67451,2021-06-24
0822064225,70906,2021-07-12
0821706726,11773,2020-10-15
0821873904,46325,2021-03-27
1850075268,95536,2021-10-26
0822236772,78599,2021-08-26
0821895422,62603,2021-05-30
0821706220,907454,2025-08-07
0821538835,909838,2025-08-14
0821873011,57187,2021-05-08
0822237905,120449,2022-03-02
0821543577,333266,2022-10-05
0821542880,788248,2024-05-22
0821933928,94338,2021-10-23
0822234314,70866,2021-07-11
0821895422,60808,2021-05-23
0822235482,796768,2024-07-03
0821894698,46260,2021-03-27
0821211373,20642,2020-11-16
0821932870,590025,2023-06-14
0822319619,79290,2021-08-28
0821894699,407014,2022-11-14
1850031520,435136,2022-12-22
0821930869,710985,2023-12-13
0822242690,486165,2023-03-05
0821545366,8674,2020-09-29
0822211625,587163,2023-06-12
0822315326,154925,2022-06-14
0821545366,766012,2024-02-18
0821893924,833267,2024-12-03
0821893112,102592,2021-11-25
1850054655,871161,2025-04-14
1850075395,323510,2022-09-28
0822024266,77093,2021-08-21
0821872762,50649,2021-04-15
0821895436,57705,2021-05-09
0821893924,116743,2022-02-13
0822236532,67319,2021-06-23
0821211486,463620,2023-02-06
0822242276,74609,2021-08-09
1850074473,810726,2024-09-03
0821385806,760340,2024-01-24
1850079583,100593,2021-11-17
0821537694,104577,2021-12-08
0822244269,702677,2023-11-12
0822237189,75940,2021-08-16
0822237248,756623,2024-01-08
0822297746,82315,2021-09-05
1850074539,471321,2023-02-16
1850047516,811789,2024-09-09
0821579933,827145,2024-11-12
0821897282,844462,2025-01-14
1850048469,850354,2025-02-04
0822234539,865186,2025-03-20
0821704914,155699,2022-06-14
0822235368,130638,2022-04-17
0822253944,281837,2022-09-07
0821543097,428562,2022-12-12
0822297576,86576,2021-09-21
1850081721,781398,2024-04-24
0821933900,871891,2025-04-16
0821588535,148115,2022-06-06
0822241257,860899,2025-03-06
1180122646,882366,2025-05-20
1180122557,882359,2025-05-20
1850080803,653759,2023-08-29
0822060389,135893,2022-05-18
1850040758,802174,2024-07-29
0821896505,797578,2024-07-07
1850079582,328897,2022-10-02
0822211873,599094,2023-06-20
0822242022,672808,2023-09-24
0821545697,26926,2020-12-25
0821589292,248497,2022-08-25
0821892537,133408,2022-05-09
0821935896,909444,2025-08-13
1850034723,276955,2022-09-05
0822235545,684988,2023-10-11
0821570117,841893,2025-01-02
1850076247,363146,2022-10-31
0821587681,844618,2025-01-14
0821896728,888948,2025-06-11
0822295898,67251,2021-06-23
1850050557,422306,2022-12-01
0822243826,793263,2024-06-12
0822241605,798141,2024-07-09
0822061235,850959,2025-02-06
1850054266,860003,2025-03-04
0822253824,789069,2024-05-27
1850034983,152439,2022-06-11
0822242270,801144,2024-07-23
0821895422,63704,2021-06-03
0821927952,87013,2021-09-23
0822320162,109402,2022-01-05
0822240259,827399,2024-11-13
1850050552,427907,2022-12-11
0822060127,883970,2025-05-25
0821589108,866138,2025-03-24
1850055916,102096,2021-11-23
0822240545,863945,2025-03-17
0821936747,887298,2025-06-03
0822313245,121500,2022-03-07
0822064642,456244,2023-01-24
0821586507,758510,2024-01-16
0821545429,9435,2020-10-04
0821545813,9934,2020-10-06
0822311178,602580,2023-06-22
0821707120,10181,2020-10-08
1850108974,638977,2023-08-07
0821871030,852772,2025-02-12
0821892574,173501,2022-07-18
0821579459,21084,2020-11-17
0822059374,67369,2021-06-23
0821895422,60350,2021-05-22
0821895426,65222,2021-06-08
0821891278,28095,2021-01-04
0821892531,480212,2023-02-26
V9E0017739,871773,2025-04-16
0822295577,68180,2021-06-28
0822295934,409614,2022-11-17
0822063266,75977,2021-08-16
0821929495,125608,2022-03-21
0821898675,192000,2022-08-03
0821579555,24020,2020-11-25
0821706031,131547,2022-04-21
0822312835,902929,2025-07-26
1850108805,341293,2022-10-12
0821537292,898560,2025-07-14
1850077211,785893,2024-05-13
0821539848,899898,2025-07-17
0821897533,47189,2021-03-31
0821872762,49752,2021-04-12
0822208020,669434,2023-09-19
0821537198,493988,2023-03-15
0822241524,903086,2025-07-27
1850039645,787840,2024-05-21
1850040758,916775,2025-09-07
0821930857,901654,2025-07-22
0822233375,843406,2025-01-09
V9E0011993,861496,2025-03-09
0822238091,127887,2022-04-04
0822211077,842322,2025-01-05
0821897580,841460,2024-12-31
0821543471,24792,2020-11-29
0821543002,642726,2023-08-13
0821895046,50284,2021-04-14
1850077783,710742,2023-12-12
0821570306,854579,2025-02-17
0822235172,797757,2024-07-08
0821871979,821996,2024-10-24
1850038878,193302,2022-08-04
0822317794,859972,2025-03-04
V9E0012566,877759,2025-05-11
0821931167,884648,2025-05-26
1850034395,93627,2021-10-19
1850031403,126703,2022-03-28
0821872565,831116,2024-11-26
0821579460,844110,2025-01-12
0822216062,118790,2022-02-22
0821933583,111528,2022-01-17
0822312455,707530,2023-11-30
0821935891,798122,2024-07-09
0822318093,859986,2025-03-04
0821705646,797988,2024-07-09
0821930144,859275,2025-03-02
0822319918,829531,2024-11-20
1850075392,838187,2024-12-19
0822244138,845364,2025-01-16
0822319295,125631,2022-03-21
0822241105,635630,2023-08-02
1850080244,819086,2024-10-13
0821538757,794667,2024-06-23
0821891804,869898,2025-04-09
1850040999,814350,2024-09-19
V9E0015564,868741,2025-04-06
0821898675,501858,2023-03-27
0821930428,758080,2024-01-14
0821536385,54030,2021-04-26
0821587861,168767,2022-07-06
0821935198,45773,2021-03-24
0821538338,44977,2021-03-21
0821873516,29248,2021-01-13
0821900822,267242,2022-09-01
0821579459,21109,2020-11-17
0821932931,56306,2021-05-05
0821708610,7265,2020-09-22
0821930256,30601,2021-01-20
0822211038,68897,2021-06-30
1850049275,756590,2024-01-08
1850048956,844902,2025-01-15
0822240081,84654,2021-09-14
0821893806,909006,2025-08-12
1850080944,900869,2025-07-20
0821873800,159475,2022-06-20
0821895274,114433,2022-02-01
0821536211,846742,2025-01-21
0821892419,47259,2021-03-31
0821895422,63767,2021-06-03
0821591143,15978,2020-10-29
0822238786,835672,2024-12-11
0821543143,102493,2021-11-25
0821871542,367210,2022-11-03
0822059042,667925,2023-09-17
0822062177,702999,2023-11-13
0822239419,427924,2022-12-11
0821709017,503431,2023-03-29
0822312080,828621,2024-11-18
1850048892,89317,2021-09-30
1850074366,95301,2021-10-26
0822215859,67502,2021-06-24
0822253944,86280,2021-09-20
0821587773,16762,2020-11-02
0821896561,72872,2021-08-01
0822236532,72701,2021-08-01
0822211077,900856,2025-07-20
0821589349,800799,2024-07-22
0821801244,879249,2025-05-14
0822244033,654555,2023-08-30
1850035856,100973,2021-11-18
1850081736,100663,2021-11-17
0821929322,825206,2024-11-06
0822237399,798135,2024-07-09
1850031403,830827,2024-11-25
0822237166,851893,2025-02-10
1850025377,856853,2025-02-23
0822060209,110229,2022-01-10
1850038461,101125,2021-11-19
0821932478,28142,2021-01-04
0821892947,706604,2023-11-27
1850039148,97864,2021-11-04
0821545400,9349,2020-10-03
1850077556,854439,2025-02-17
0822234113,909648,2025-08-13
V9E0012000,861572,2025-03-09
0821536174,4845,2020-08-29
0822253944,917304,2025-09-09
0821897172,780824,2024-04-22
0821929734,32305,2021-02-02
0821872560,47702,2021-04-03
1850077231,90218,2021-10-06
1850048008,120080,2022-03-01
0821892412,59276,2021-05-18
0822311137,82571,2021-09-06
1850038222,121073,2022-03-05
1850027993,134476,2022-05-12
1850079535,634905,2023-08-02
0821896785,572066,2023-05-31
0821590297,15975,2020-10-29
0821545289,11822,2020-10-15
0821538702,6244,2020-09-13
0821589217,34186,2021-02-14
0822062786,647612,2023-08-20
0821706186,673709,2023-09-25
0821536855,27000,2020-12-26
0821891187,871145,2025-04-14
0821706186,12683,2020-10-20
0821891167,56521,2021-05-05
0821896594,796319,2024-07-01
0822243802,101817,2021-11-22
0821927361,45948,2021-03-24
0821874266,49433,2021-04-12
0821872414,407945,2022-11-15
0821930314,50296,2021-04-14
0821895422,63761,2021-06-03
0821708303,117440,2022-02-15
0821797692,118011,2022-02-17
1850040011,92662,2021-10-17
1850079583,301541,2022-09-15
0821543298,470803,2023-02-16
0821898069,518152,2023-04-18
0822233518,605823,2023-06-24
0822233558,906312,2025-08-04
0822295750,626752,2023-07-18
0822298008,834594,2024-12-08
0821580138,709180,2023-12-06
0821932598,47742,2021-04-03
0821537383,118472,2022-02-21
0821705337,830869,2024-11-25
0821931168,814810,2024-09-22
0821897459,555335,2023-05-16
0821538338,18508,2020-11-08
0822242355,109512,2022-01-05
0821895422,70824,2021-07-11
0821800848,129677,2022-04-12
0821891142,313254,2022-09-22
0822235616,905218,2025-07-31
0821542636,428235,2022-12-11
0821580783,776508,2024-04-02
0821871638,630016,2023-07-24
0821931788,784218,2024-05-07
0822244126,82038,2021-09-03
0822235736,85753,2021-09-19
1850108741,904934,2025-07-30
1850080735,97232,2021-11-01
0821747157,811632,2024-09-08
0822253613,842755,2025-01-06
0821870850,886241,2025-05-31
1850035857,105634,2021-12-13
0822254012,805876,2024-08-14
0822236049,470578,2023-02-15
1850048978,108350,2021-12-28
0821896594,887263,2025-06-03
0821897860,414085,2022-11-21
0821895242,499099,2023-03-22
0821587355,495321,2023-03-17
0821931433,910934,2025-08-18
0821242426,916831,2025-09-07
0821873747,116777,2022-02-13
1850049124,103307,2021-11-30
0821929592,791714,2024-06-06
V9E0017741,873528,2025-04-23
0821350146,3274,2020-08-11
0821872560,813349,2024-09-16
1850039129,89067,2021-09-30
0822065177,110786,2022-01-13
1850079504,120300,2022-03-01
0822215869,123790,2022-03-14
0821930109,135536,2022-05-17
0822239231,918143,2025-09-11
0822320162,916822,2025-09-07
1850077134,868323,2025-04-03
V9E0014373,863619,2025-03-16
0821895340,52595,2021-04-22
0821386161,2309,2020-07-04
0822235470,882428,2025-05-20
0822237175,869492,2025-04-08
0821892689,759912,2024-01-22
0821929899,305504,2022-09-17
0821892419,679286,2023-10-04
1850082609,797184,2024-07-04
0821934209,798068,2024-07-09
0821893092,28023,2021-01-04
0821896729,559737,2023-05-21
0822237278,643829,2023-08-14
0822241667,908329,2025-08-10
0821928816,917362,2025-09-09
0821385806,2150,2020-06-30
0821537358,6765,2020-09-17
0821745609,27723,2020-12-30
0822298811,111016,2022-01-15
0822243218,450098,2023-01-16
0821873984,372136,2022-11-07
0821705337,756989,2024-01-09
0821385788,367179,2022-11-03
0821590593,852409,2025-02-11
0822298279,91333,2021-10-11
0821545697,26932,2020-12-25
0821936178,590630,2023-06-14
0822311244,707281,2023-11-29
0821873263,819616,2024-10-15
0822211823,178527,2022-07-25
1850021701,152299,2022-06-10
0821873802,867216,2025-03-27
1850031521,127936,2022-04-04
0822253824,138066,2022-05-24
0821892844,154424,2022-06-13
0821705337,502829,2023-03-28
0821243344,909007,2025-08-12
0822215523,623214,2023-07-12
0822297807,87775,2021-09-26
1850028532,635576,2023-08-02
1850074325,99518,2021-11-13
0821928092,50265,2021-04-14
0821935135,278887,2022-09-06
0821589961,284695,2022-09-08
0821897606,302060,2022-09-15
1850049189,336775,2022-10-09
0821897050,912249,2025-08-23
0821891262,803382,2024-08-03
0822213112,111232,2022-01-16
0821871763,498727,2023-03-22
1850083095,786475,2024-05-15
0822239823,909043,2025-08-12
0822211581,911929,2025-08-21
0821537330,914949,2025-09-01
0821927672,46828,2021-03-29
0821929489,88292,2021-09-28
0821895422,60809,2021-05-23
0822236089,130248,2022-04-14
0822058858,901221,2025-07-21
0821930597,901755,2025-07-22
0821936709,913849,2025-08-28
0821537293,505374,2023-04-02
0821931733,44254,2021-03-17
0822237938,67656,2021-06-26
0822063266,423277,2022-12-03
0821748502,131200,2022-04-19
0822236324,866065,2025-03-24
0821586700,866528,2025-03-25
0822236069,74415,2021-08-09
0821895340,52588,2021-04-22
0821873230,245874,2022-08-24
0821707302,89979,2021-10-05
0821935896,827546,2024-11-13
0822295583,518283,2023-04-18
0822060979,307893,2022-09-18
0822236324,112154,2022-01-20
0822062196,65052,2021-06-07
0821707120,110357,2022-01-11
0821934065,107035,2021-12-20
0822298771,486936,2023-03-06
0822312289,119081,2022-02-23
0821537863,20525,2020-11-16
0821931763,236871,2022-08-21
0821873263,886528,2025-06-01
0821935795,652702,2023-08-27
0822062146,789929,2024-05-30
0822312822,85302,2021-09-16
1850080754,89127,2021-09-30
0822237441,453256,2023-01-20
0821580232,834601,2024-12-08
0821893804,876729,2025-05-06
0821936709,839701,2024-12-25
0822060405,451382,2023-01-18
0821933376,578922,2023-06-06
0821933020,409912,2022-11-17
0822064779,643859,2023-08-14
1850081009,146933,2022-06-05
0822235839,864339,2025-03-18
0821894521,662575,2023-09-10
1850035007,852675,2025-02-12
0821897829,822064,2024-10-24
0822243297,899820,2025-07-17
0822253480,553025,2023-05-14
0822235418,792543,2024-06-10
1850039075,657055,2023-09-03
0822242395,896656,2025-07-09
0821893432,414400,2022-11-21
0821709224,132639,2022-04-28
0821893107,60244,2021-05-21
1850076280,95040,2021-10-25
0821545425,31338,2021-01-26
0822236833,761408,2024-01-29
0821896561,107637,2021-12-23
0821898069,711166,2023-12-14
0821929702,46708,2021-03-29
0822236036,64874,2021-06-06
1850074027,457522,2023-01-25
1850079123,312782,2022-09-21
0821873168,440966,2023-01-01
0821897459,114068,2022-01-30
0822060979,82743,2021-09-06
0822058998,88439,2021-09-28
0821579520,21518,2020-11-17
0822313167,83298,2021-09-08
0821873263,917833,2025-09-10
0822311700,88585,2021-09-29
0822237657,67558,2021-06-25
0822238484,105223,2021-12-12
0821872552,49642,2021-04-12
0822059590,844084,2025-01-12
1850082874,870257,2025-04-10
0821590206,19778,2020-11-13
0821543070,34890,2021-02-18
0821542707,552549,2023-05-14
0821932662,904432,2025-07-29
0822062513,789174,2024-05-27
0821932705,131333,2022-04-20
0822063326,899860,2025-07-17
0821892759,704908,2023-11-20
0822312086,623935,2023-07-13
0821586140,827494,2024-11-13
0822213112,909917,2025-08-14
0821929899,865641,2025-03-23
0821934087,881292,2025-05-18
0821243344,903271,2025-07-27
1850074027,100205,2021-11-16
1850075829,602086,2023-06-22
1850074439,117746,2022-02-16
0822240807,70766,2021-07-11
0821707430,35881,2021-02-25
1850079161,100313,2021-11-16
1850077510,110627,2022-01-12
0822241528,107632,2021-12-23
0821579956,790491,2024-06-02
0822060191,917336,2025-09-09
1850080011,847271,2025-01-23
V9E0018048,875486,2025-04-30
0821745778,347240,2022-10-17
0821896181,889169,2025-06-12
0822312658,86156,2021-09-20
0822240081,73886,2021-08-05
0821894035,242688,2022-08-23
0821897509,278982,2022-09-06
0821586097,19303,2020-11-11
0821897509,619163,2023-07-05
0822242105,477165,2023-02-22
0822311137,914458,2025-08-30
0821536174,408845,2022-11-16
1850079293,416848,2022-11-24
0822237039,502913,2023-03-28
0821935147,68208,2021-06-28
0821892392,44813,2021-03-21
0821895422,63698,2021-06-03
0821873747,56928,2021-05-06
0821706186,762076,2024-02-01
1850080667,619907,2023-07-06
1850028594,133990,2022-05-11
0821800842,796078,2024-06-30
1850047427,155399,2022-06-14
0822235367,76872,2021-08-19
0821930068,61969,2021-05-27
1850048145,869811,2025-04-09
0821708181,8870,2020-09-30
0822235482,96786,2021-10-31
0822235470,75684,2021-08-15
0821871790,669729,2023-09-20
0821897213,281864,2022-09-07
0822063630,90179,2021-10-05
0822213276,110576,2022-01-12
0821934736,47668,2021-04-03
0821745616,26550,2020-12-24
0821545697,26909,2020-12-25
0822059710,60119,2021-05-20
0822214912,69290,2021-07-04
1850037793,90193,2021-10-06
0821578615,703982,2023-11-16
0821747123,98420,2021-11-08
0821873109,56933,2021-05-06
0821895436,89550,2021-10-03
0821871542,89219,2021-09-30
0822312086,85017,2021-09-15
0822237197,125790,2022-03-22
0822058103,875492,2025-04-30
0821746589,889257,2025-06-12
0821592989,307614,2022-09-18
0822319833,111647,2022-01-18
0821544973,112221,2022-01-20
1850031022,117305,2022-02-15
1850082387,419470,2022-11-28
0821542916,32099,2021-02-01
0821897210,51193,2021-04-17
0822059261,59080,2021-05-18
0822058928,144165,2022-06-01
0822058855,63336,2021-06-02
0822208370,69908,2021-07-05
0821896286,779406,2024-04-16
1850037026,120543,2022-03-02
0822236599,166632,2022-07-03
0822237657,145530,2022-06-03
1850048892,147188,2022-06-05
0821706369,8659,2020-09-29
0821927672,219216,2022-08-14
0821895719,125079,2022-03-19
1850034553,95361,2021-10-26
0821935896,66671,2021-06-20
0821895422,64056,2021-06-05
0822215928,68182,2021-06-28
0821892258,789201,2024-05-27
0822240905,69448,2021-07-04
0821585798,50983,2021-04-15
0822312606,87578,2021-09-26
0821537694,883305,2025-05-22
0821927361,799419,2024-07-16
1850025668,653790,2023-08-29
0822236462,77326,2021-08-22
0821931936,106597,2021-12-19
0821897847,120594,2022-03-02
0821897580,127166,2022-03-29
0821590333,22246,2020-11-19
0822241105,895069,2025-07-02
1850037164,201668,2022-08-07
0821542619,824375,2024-11-03
0822236180,831255,2024-11-26
0821935147,829128,2024-11-19
0821870994,136219,2022-05-19
0821895242,793288,2024-06-12
0821933928,67775,2021-06-27
0821580321,895215,2025-07-02
0822233294,908717,2025-08-11
0821932478,890241,2025-06-16
0822253274,82272,2021-09-05
1850041961,89986,2021-10-05
0821586935,307351,2022-09-18
0821351805,4794,2020-08-29
0821538757,100010,2021-11-15
0821708906,9453,2020-10-04
0822208949,774479,2024-03-25
0821538320,593695,2023-06-17
0821893151,33015,2021-02-07
0822064225,62057,2021-05-28
0821570352,3104,2020-08-10
1850079504,236873,2022-08-21
0821579988,361066,2022-10-29
0821896339,416368,2022-11-23
0821936135,432611,2022-12-18
0821893924,429470,2022-12-13
0821895422,62826,2021-05-31
0822297948,82940,2021-09-07
1850109087,95678,2021-10-27
0821873446,29601,2021-01-15
0821543471,24866,2020-11-29
0821797147,25906,2020-12-19
0821536857,512590,2023-04-13
0822298850,887126,2025-06-03
0821930597,92764,2021-10-17
0821537292,105025,2021-12-11
1850082874,424515,2022-12-05
0821350381,3416,2020-08-12
0821589962,26572,2020-12-24
0821895422,60883,2021-05-23
0821871977,874488,2025-04-27
0822244185,437034,2022-12-25
0822295934,159231,2022-06-19
0821870850,167584,2022-07-04
0821537907,25445,2020-12-14
0821895772,45154,2021-03-22
0821587225,18448,2020-11-08
0821931433,32320,2021-02-02
0821897606,42523,2021-03-09
1850047356,706221,2023-11-26
0821708465,792348,2024-06-09
1850047313,157161,2022-06-16
0821898662,118346,2022-02-20
0821543733,822968,2024-10-29
0822295902,67468,2021-06-24
0822211038,88041,2021-09-27
1850039639,89739,2021-10-04
0822239433,69383,2021-07-04
0821873011,57191,2021-05-08
0821544973,409474,2022-11-17
0822295839,110957,2022-01-15
1850081751,158919,2022-06-19
0821748826,652785,2023-08-27
0821892296,647425,2023-08-20
0822059042,77315,2021-08-22
0821895422,74063,2021-08-08
0821935795,75138,2021-08-11
0822237166,75335,2021-08-13
0822065262,424505,2022-12-05
0822236953,438419,2022-12-27
1850080215,98572,2021-11-08
0822238100,69857,2021-07-05
0822243855,86632,2021-09-21
0821935753,776531,2024-04-03
0822295612,67420,2021-06-24
0821892689,366045,2022-11-02
0822215875,451583,2023-01-18
0821935179,112318,2022-01-22
0821705337,294835,2022-09-12
0821536642,904479,2025-07-29
0822207625,909924,2025-08-14
0821873024,847115,2025-01-22
1850039488,121924,2022-03-08
1850077332,136262,2022-05-19
0821928092,796297,2024-07-01
1850037367,810738,2024-09-03
0821895630,830502,2024-11-24
1850035197,432488,2022-12-18
0822215847,917335,2025-09-09
0821539168,7651,2020-09-25
0822313084,840558,2024-12-29
0821578585,419794,2022-11-28
1850034491,483868,2023-03-02
0821543743,506784,2023-04-04
0821544028,20139,2020-11-15
0821545428,8085,2020-09-27
1850035482,131281,2022-04-20
0822240163,161643,2022-06-22
0821895545,806796,2024-08-18
0821589292,768166,2024-02-27
0822236335,711691,2023-12-17
0821745889,760341,2024-01-24
0822236049,136310,2022-05-19
0821541525,850159,2025-02-03
1850031440,149578,2022-06-07
0821706363,173954,2022-07-19
0821536249,167296,2022-07-04
1850036942,810674,2024-09-03
0821933686,830543,2024-11-24
1850075844,815598,2024-09-25
0821897509,852486,2025-02-12
V9E0016088,855488,2025-02-19
V9E0012172,855470,2025-02-19
0821873789,875396,2025-04-30
0821706157,130845,2022-04-18
1850074039,861906,2025-03-10
0822060338,887131,2025-06-03
0822242613,806272,2024-08-15
0821896168,100352,2021-11-16
0821543097,135987,2022-05-18
0822241105,82775,2021-09-07
0822313043,143571,2022-05-31
0821931174,163699,2022-06-26
V9E0014372,857126,2025-02-24
0822296170,67967,2021-06-27
1850048378,844269,2025-01-13
1850077117,154607,2022-06-13
0821591170,580082,2023-06-07
0822240250,905024,2025-07-30
0821543149,328987,2022-10-02
0822237905,797731,2024-07-08
0821348637,2711,2020-07-19
0821870994,894389,2025-06-30
0822239412,902766,2025-07-25
0821872762,52244,2021-04-20
0822208020,917627,2025-09-10
0822060191,144398,2022-06-01
V9E0010343,857565,2025-02-25
0821590241,17889,2020-11-05
0821579852,127454,2022-03-31
0821934172,46664,2021-03-29
0821932928,145001,2022-06-02
0821927437,419751,2022-11-28
0822244255,84560,2021-09-13
0822298283,126653,2022-03-27
0821893804,52917,2021-04-22
0821580238,36173,2021-03-01
0821586097,19380,2020-11-12
0821537730,26982,2020-12-26
0821543471,24923,2020-11-29
V9E0012785,867322,2025-03-27
0821893836,867150,2025-03-27
0821900985,339591,2022-10-11
0821538229,17531,2020-11-04
0821586507,19665,2020-11-12
0821537999,25150,2020-12-04
0821873800,162524,2022-06-23
0821543471,24927,2020-11-29
0822208612,831828,2024-11-28
0821570352,873491,2025-04-23
0821579459,21159,2020-11-17
0822242690,73655,2021-08-04
0821897423,109494,2022-01-05
0822298730,830895,2024-11-25
0822236339,855952,2025-02-20
0821705852,505367,2023-04-02
V9E0011852,865939,2025-03-24
0821538753,869672,2025-04-09
1850025389,125217,2022-03-20
0822298730,131473,2022-04-20
0822236278,167334,2022-07-04
0822059012,169573,2022-07-07
0822295909,238331,2022-08-22
1850036911,831074,2024-11-26
0821800842,177707,2022-07-24
1850056191,113553,2022-01-27
0821542619,908931,2025-08-12
0821934251,758216,2024-01-15
1180123025,913934,2025-08-28
1850074027,312594,2022-09-21
0822296309,373307,2022-11-09
1850047578,602310,2023-06-22
0822241558,672525,2023-09-24
0821580806,707537,2023-11-30
1850077095,274457,2022-09-04
0821706363,10394,2020-10-10
0821931503,450486,2023-01-17
0821586463,164718,2022-06-28
0821386187,2775,2020-07-21
0821545697,26918,2020-12-25
0821705755,27002,2020-12-26
0821706888,14672,2020-10-26
0821543471,24892,2020-11-29
0821934334,44412,2021-03-18
0821538382,22557,2020-11-19
0821706257,9050,2020-10-01
0821895422,62822,2021-05-31
0821543640,891182,2025-06-19
V9E0012923,890988,2025-06-19
0822064225,487927,2023-03-07
0821586400,15039,2020-10-27
0821799716,28016,2021-01-03
0821891142,44679,2021-03-20
0821542916,32088,2021-02-01
0821704914,27089,2020-12-27
0821897860,54332,2021-04-27
0821746884,27123,2020-12-27
0821748498,99066,2021-11-10
1850108715,476108,2023-02-21
1850037123,842650,2025-01-06
0821536186,5762,2020-09-08
0821897636,53768,2021-04-25
V9E0017899,866004,2025-03-24
0821931406,71147,2021-07-13
0821542718,22134,2020-11-18
0821705931,26414,2020-12-23
0822235242,76061,2021-08-17
0821895422,60357,2021-05-22
0821895441,57046,2021-05-06
0821896558,335905,2022-10-08
0821587088,205281,2022-08-09
0821897891,55465,2021-05-04
0822238470,71017,2021-07-13
0822313095,88541,2021-09-29
0822239530,774536,2024-03-25
0822253186,340388,2022-10-12
0821707403,898208,2025-07-13
0821935571,102974,2021-11-28
0821931329,459237,2023-01-30
0822065177,72432,2021-07-29
0821580321,16859,2020-11-02
0821927517,786131,2024-05-14
0821707605,112514,2022-01-23
0821537863,27047,2020-12-27
0822235253,75273,2021-08-11
0821872762,127759,2022-04-03
0822240801,69735,2021-07-05
0821706804,701429,2023-11-08
0821542916,32102,2021-02-01
0822242105,898506,2025-07-14
0821873966,43530,2021-03-15
V9E0012110,856805,2025-02-23
0821898251,501126,2023-03-26
1850039364,264649,2022-08-31
0821897786,50720,2021-04-15
0822239996,435647,2022-12-22
0821538673,446288,2023-01-10
0822315326,86641,2021-09-21
0822235064,110056,2022-01-09
0822216062,581805,2023-06-08
0822215875,589181,2023-06-13
1850083086,166761,2022-07-03
0822211873,74303,2021-08-08
0821707480,826784,2024-11-11
0822236492,841167,2024-12-31
0822243780,482297,2023-03-01
0821927537,678447,2023-10-03
0821891142,112916,2022-01-25
0822319833,705432,2023-11-22
0821873302,154440,2022-06-13
0821897509,669664,2023-09-20
0821896323,859758,2025-03-03
0822236179,904330,2025-07-29
0821896286,816835,2024-10-01
0821930869,752930,2023-12-21
0822236990,769897,2024-03-05
0821570264,703343,2023-11-14
0821708284,772836,2024-03-18
1850079641,179317,2022-07-26
0821580925,563457,2023-05-24
0821536405,5514,2020-09-06
1850036844,132138,2022-04-25
0821873966,194735,2022-08-04
0821894460,237194,2022-08-21
0822312014,361033,2022-10-29
0821536186,51508,2021-04-18
0821747157,804473,2024-08-08
1850036778,119377,2022-02-24
1180122638,882361,2025-05-20
0822239699,908735,2025-08-11
0822062507,914715,2025-08-31
0821570151,4970,2020-08-30
0822240787,69982,2021-07-06
0821895340,52473,2021-04-21
0821930857,30330,2021-01-18
0821706348,9780,2020-10-05
0821873785,51292,2021-04-17
0821243244,1121,2020-02-13
0822236643,69461,2021-07-04
0821897891,91700,2021-10-12
1850079234,156697,2022-06-15
0821591170,34875,2021-02-18
0821570306,3945,2020-08-19
0822298330,86139,2021-09-20
0821709017,842338,2025-01-05
0821587686,15578,2020-10-28
0821931951,210305,2022-08-11
0821544003,916697,2025-09-07
0822239231,546870,2023-05-10
0821872992,766642,2024-02-20
0821708964,7789,2020-09-26
0821579883,24414,2020-11-28
0821588716,22408,2020-11-19
V9E0011864,864726,2025-03-19
1850080220,103525,2021-12-01
0821707333,9785,2020-10-05
0821588203,674212,2023-09-26
0821588053,30274,2021-01-18
0822235902,111283,2022-01-17
0821936752,627848,2023-07-20
0821934795,50116,2021-04-13
0821386101,2224,2020-07-01
0821706257,242154,2022-08-23
0821746858,27322,2020-12-28
0821895422,70813,2021-07-11
0822059042,76652,2021-08-18
0822295909,67239,2021-06-23
0821895695,47793,2021-04-04
0821897324,878552,2025-05-13
0822059067,72514,2021-07-29
0821871977,91076,2021-10-11
0821895422,63605,2021-06-03
0822062978,83837,2021-09-11
0821543471,24906,2020-11-29
0821897213,66167,2021-06-14
0821707472,432440,2022-12-18
0821538753,65827,2021-06-11
0821895422,63084,2021-06-01
0822064090,706321,2023-11-26
0822239747,74426,2021-08-09
1850025632,121253,2022-03-06
0821537358,60575,2021-05-22
0821539187,5389,2020-09-03
0821545829,11063,2020-10-13
0821542916,32104,2021-02-01
1850077211,480423,2023-02-26
0821933042,339919,2022-10-11
0821570365,178634,2022-07-25
1850078052,435669,2022-12-22
1850048825,119994,2022-02-28
1850108717,351595,2022-10-20
1850073949,103400,2021-11-30
0821929592,56915,2021-05-06
0821537293,6402,2020-09-14
0821898296,108042,2021-12-26
0821539168,846913,2025-01-22
0822314719,858437,2025-02-27
0821935103,120699,2022-03-03
1850082874,768782,2024-02-29
0822243218,564960,2023-05-25
0821872436,43578,2021-03-15
0821579668,73082,2021-08-02
0822235242,109514,2022-01-05
0821587936,109508,2022-01-05
0821351832,358093,2022-10-26
0822059042,446056,2023-01-10
0822253328,793258,2024-06-12
0821931194,825278,2024-11-06
0821587861,824716,2024-11-04
0822239771,69358,2021-07-04
0821747106,27307,2020-12-28
0822233367,69393,2021-07-04
0821705755,116095,2022-02-09
0821896728,43143,2021-03-13
0822065922,70234,2021-07-07
0821585980,6206,2020-09-13
0821748409,27304,2020-12-28
0821895127,45544,2021-03-23
1850028161,121325,2022-03-06
0822062513,65788,2021-06-11
0821587026,703011,2023-11-13
0822236489,772599,2024-03-17
0821537767,542687,2023-05-07
0822319919,89190,2021-09-30
0821570377,3417,2020-08-12
0822319477,799301,2024-07-15
0822298031,856069,2025-02-20
0821897938,806340,2024-08-15
0822058855,688963,2023-10-17
0822320181,84990,2021-09-15
1850039715,844986,2025-01-15
1850079060,844270,2025-01-13
1850047754,806738,2024-08-18
0822235902,149199,2022-06-07
0822319935,112573,2022-01-23
0821706220,49734,2021-04-12
0822234067,904540,2025-07-29
0821536979,792454,2024-06-10
0822063015,893713,2025-06-28
0821545339,9726,2020-10-05
0822239194,672661,2023-09-24
0821570523,909613,2025-08-13
1850108597,857576,2025-02-25
0821578615,789411,2024-05-28
0821893856,776525,2024-04-02
0821928473,483430,2023-03-02
0821929227,71968,2021-07-27
0821895274,758982,2024-01-17
0821542650,164873,2022-06-28
0821545697,26945,2020-12-25
0821798764,25972,2020-12-19
0821895422,58994,2021-05-17
0821797692,55666,2021-05-04
0821872562,50118,2021-04-13
1850038938,476174,2023-02-21
0822058858,64107,2021-06-05
V9E0009725,862450,2025-03-12
1850080226,103149,2021-11-29
0822058131,128424,2022-04-06
0821705337,884052,2025-05-25
0822063987,61481,2021-05-25
0822241112,70201,2021-07-07
0821545697,26923,2020-12-25
0821872654,45642,2021-03-23
0821934760,55451,2021-05-04
0821896141,701673,2023-11-08
0821894698,115450,2022-02-06
1850037982,123733,2022-03-14
1850037123,136073,2022-05-19
0821542916,32095,2021-02-01
1850074819,132624,2022-04-28
0822234557,69463,2021-07-04
0821748498,27211,2020-12-28
1850039522,94360,2021-10-23
1850073993,868870,2025-04-06
0821933900,774223,2024-03-24
0821870960,106781,2021-12-19
0821586533,456506,2023-01-24
1850035007,89830,2021-10-04
V9E0017132,876329,2025-05-05
0822238261,783203,2024-05-01
0821928473,810109,2024-09-02
0821706348,824741,2024-11-04
0822312280,194569,2022-08-04
0821895618,167407,2022-07-04
0821538396,160979,2022-06-21
0822313245,236746,2022-08-21
0822063266,347527,2022-10-17
0822063206,446276,2023-01-10
0821935435,824347,2024-11-03
0822235599,796797,2024-07-03
1850077938,859997,2025-03-04
0821538171,850650,2025-02-05
0821872992,796379,2024-07-01
1850108530,711146,2023-12-14
0821211216,634469,2023-08-01
1850081723,100208,2021-11-16
V9E0007084,860784,2025-03-06
0821538757,761076,2024-01-28
V9E0015777,873198,2025-04-22
1850077778,97923,2021-11-04
0821578722,898061,2025-07-13
1850080371,151615,2022-06-09
0822233825,81566,2021-08-31
V9E0013224,854350,2025-02-17
1850079236,167267,2022-07-04
0821898675,48233,2021-04-07
0821586915,876616,2025-05-06
0822254248,869877,2025-04-09
0821871694,881283,2025-05-18
1850047820,96685,2021-10-31
0822215535,407158,2022-11-14
1850026154,123785,2022-03-14
0821928473,51582,2021-04-18
1850076535,709785,2023-12-09
0821871290,883340,2025-05-22
0821897172,839368,2024-12-24
0822058928,586881,2023-06-12
0821932928,54577,2021-04-27
1850081774,365973,2022-11-02
0822238446,115733,2022-02-07
0821706311,844507,2025-01-14
0822242741,73890,2021-08-05
1850082078,96712,2021-10-31
0821928498,29102,2021-01-11
0821928053,494501,2023-03-16
0821872562,117231,2022-02-14
0821706450,121689,2022-03-07
0821537358,350686,2022-10-19
0821390530,174457,2022-07-19
0821537198,670872,2023-09-21
0821211366,1557,2020-04-14
0821706369,858440,2025-02-27
0822241697,72380,2021-07-29
0821588053,19689,2020-11-12
0821747033,47580,2021-04-01
0822298525,97508,2021-11-02
1850078113,821707,2024-10-23
0822060610,52858,2021-04-22
0821872762,65852,2021-06-12
0821580851,792503,2024-06-10
0821570274,3544,2020-08-13
0821897324,46672,2021-03-29
0822295583,68031,2021-06-28
0821543471,24899,2020-11-29
0821936092,772952,2024-03-18
0821895422,59119,2021-05-18
0821592989,36089,2021-02-28
0821891720,43951,2021-03-17
0821872762,62836,2021-05-31
0821891195,55911,2021-05-04
0821587205,630525,2023-07-25
0821931257,35531,2021-02-22
0821930798,50036,2021-04-13
1850073949,640428,2023-08-09
0822243837,83903,2021-09-11
0822061441,901454,2025-07-21
0821543471,24760,2020-11-29
0822313269,697205,2023-10-29
0822065630,831477,2024-11-27
0822064633,66821,2021-06-21
0821706351,8094,2020-09-27
0822319915,84785,2021-09-14
0822244327,82981,2021-09-07
0822311780,82524,2021-09-06
1850032814,757523,2024-01-11
0821747123,27096,2020-12-27
0821895340,52584,2021-04-22
0821892570,53199,2021-04-24
0821928543,34654,2021-02-16
1850035014,107816,2021-12-23
0822236492,109843,2022-01-09
1850031940,649791,2023-08-23
1850034173,435673,2022-12-22
0821930709,54429,2021-04-27
0821891139,72074,2021-07-27
0822237543,626615,2023-07-18
0821542707,23615,2020-11-23
1850081284,147977,2022-06-06
1850109096,706580,2023-11-27
0821580805,807640,2024-08-21
0821537153,836895,2024-12-16
1850047509,190988,2022-08-03
V9E0012892,864311,2025-03-18
0821872762,50930,2021-04-15
0821935135,44311,2021-03-18
0822296432,70062,2021-07-06
0822209564,69389,2021-07-04
0821543471,24783,2020-11-29
0821935753,45044,2021-03-21
0821873516,49781,2021-04-12
0822237308,79219,2021-08-28
0822236996,75241,2021-08-11
0821709196,870531,2025-04-12
0822244126,884023,2025-05-25
0821933583,905143,2025-07-31
0822241929,105698,2021-12-14
0821468697,491760,2023-03-12
0821586381,877250,2025-05-08
0822064225,90322,2021-10-06
1850079060,267773,2022-09-01
1850026068,119300,2022-02-24
1850055406,878132,2025-05-12
1850047717,771696,2024-03-12
0821537694,684704,2023-10-11
0821570448,96433,2021-10-29
0821587365,162983,2022-06-25
0821895422,60311,2021-05-22
0822208949,69362,2021-07-04
0821580795,695339,2023-10-26
0821897607,42532,2021-03-09
0821589349,117500,2022-02-15
1850080638,134900,2022-05-15
0821894694,278946,2022-09-06
1850040763,625849,2023-07-17
0821537330,633393,2023-07-31
0821570103,576089,2023-06-04
0822062978,624943,2023-07-15
0821895422,59921,2021-05-20
0822235520,105626,2021-12-13
0821896785,216561,2022-08-13
1850077938,802643,2024-07-31
0822233962,320271,2022-09-26
0821933376,859631,2025-03-03
0821936591,621182,2023-07-09
0821543177,701980,2023-11-09
0821928400,763768,2024-02-08
1850037050,889072,2025-06-11
0821589850,885748,2025-05-29
0821536369,870959,2025-04-14
0822253751,85430,2021-09-16
0821894650,229659,2022-08-18
1850039210,124084,2022-03-15
1850080937,810751,2024-09-03
0821570140,789374,2024-05-28
1180123017,913935,2025-08-28
0821544098,87286,2021-09-23
0821932451,512625,2023-04-13
0822295976,771826,2024-03-13
0821893140,221764,2022-08-15
0822243806,344650,2022-10-15
0822234535,814190,2024-09-19
0821536186,708106,2023-12-03
0821538796,833493,2024-12-03
0821543405,792237,2024-06-09
0821350381,901614,2025-07-22
0822216077,792218,2024-06-09
1850037731,93959,2021-10-20
0821543743,19882,2020-11-14
0821748665,619663,2023-07-06
0822235839,65314,2021-06-08
0822244160,855869,2025-02-20
0821587318,63905,2021-06-04
0822240174,809737,2024-09-01
0822216077,845461,2025-01-17
0822060389,467467,2023-02-13
0822321606,864239,2025-03-18
0821708638,705213,2023-11-21
0821897607,95485,2021-10-26
0821927517,805845,2024-08-14
0821871622,80496,2021-08-29
0822058844,894600,2025-06-30
0822058855,907596,2025-08-07
0821801239,901197,2025-07-21
1850079123,817931,2024-10-07
0822064445,907266,2025-08-06
0821585930,12952,2020-10-21
0821591170,19962,2020-11-14
0821931365,54395,2021-04-27
0822253225,85679,2021-09-18
0821933686,887144,2025-06-03
0822058858,909117,2025-08-12
1850048469,458905,2023-01-29
0821934795,537019,2023-05-03
0821570165,797103,2024-07-04
0821873491,54773,2021-04-28
0821936493,42366,2021-03-08
0821930380,32149,2021-02-01
0822237175,85582,2021-09-18
0822239337,73104,2021-08-02
0822237090,777457,2024-04-07
0822254005,78626,2021-08-26
0822298730,685691,2023-10-12
0821936030,618555,2023-07-04
0822240162,242065,2022-08-23
0822061304,367241,2022-11-03
0821587897,17770,2020-11-05
0821895422,59868,2021-05-20
0821895422,60843,2021-05-23
0822065506,53404,2021-04-24
0821893940,89414,2021-10-02
0822235187,88836,2021-09-30
1850047453,476680,2023-02-21
0822319619,850113,2025-02-03
0821580795,189389,2022-08-02
1850021833,150676,2022-06-08
0821895887,338389,2022-10-10
0822213031,896617,2025-07-08
0821578332,14388,2020-10-25
0821893780,49858,2021-04-13
0822254053,775387,2024-03-29
0821536369,883293,2025-05-22
0822062234,768457,2024-02-28
1850038697,242006,2022-08-23
0821707139,32882,2021-02-06
0822207851,70001,2021-07-06
0821870850,53486,2021-04-25
0821929822,51129,2021-04-16
0822237473,76404,2021-08-18
0821705899,11835,2020-10-15
0821543471,24920,2020-11-29
1850041603,459493,2023-01-31
0822236278,66163,2021-06-14
0821934795,50053,2021-04-13
0821748826,27592,2020-12-29
0821892947,34268,2021-02-14
0822060127,73030,2021-08-02
0821872562,144657,2022-06-02
0822063630,107926,2021-12-25
0821538396,468038,2023-02-14
0821894698,667981,2023-09-17
0821929563,885046,2025-05-28
0822311797,773256,2024-03-20
0821538673,892428,2025-06-24
1850039639,96043,2021-10-28
0821543743,19482,2020-11-12
0822211572,69378,2021-07-04
0821872309,480456,2023-02-26
1850079234,679504,2023-10-04
0822241182,69490,2021-07-04
0822066343,703014,2023-11-13
0821545165,91597,2021-10-12
0821929702,44364,2021-03-18
0821874039,54340,2021-04-27
0821931572,30577,2021-01-19
0821580804,795676,2024-06-27
0822061246,127088,2022-03-29
0822058674,107908,2021-12-25
0821898283,470405,2023-02-15
1850077230,89928,2021-10-05
0821708078,705655,2023-11-23
1850077117,345668,2022-10-16
0821592970,344590,2022-10-15
0821538718,168413,2022-07-06
0821871230,756600,2024-01-08
0821930798,829254,2024-11-20
0822315577,461064,2023-02-02
0822295839,69875,2021-07-05
0822236388,659062,2023-09-05
0821895545,130837,2022-04-18
0821898696,508956,2023-04-09
0821934260,44263,2021-03-18
1850074671,205899,2022-08-09
0821897358,536408,2023-05-03
0821872857,321691,2022-09-27
0822295909,449574,2023-01-15
0822253944,553319,2023-05-15
0821870960,660156,2023-09-06
0822244176,827599,2024-11-13
0821385783,913213,2025-08-26
0822315160,605814,2023-06-24
0821929734,420352,2022-11-29
1850056631,488706,2023-03-08
0821543904,758983,2024-01-17
0821580359,17303,2020-11-03
0822243681,88677,2021-09-29
0822298074,759827,2024-01-22
0822233825,81567,2021-08-31
1850077620,495512,2023-03-17
0821586915,492347,2023-03-13
0821896407,50551,2021-04-14
0822064642,64982,2021-06-07
0821935179,55441,2021-05-04
0821589882,11936,2020-10-17
0821537153,47408,2021-04-01
0821537293,69050,2021-07-03
0822236532,709895,2023-12-10
0821897880,795367,2024-06-26
0822239060,72388,2021-07-29
0821745889,27622,2020-12-29
0822295943,72150,2021-07-28
0822238446,76900,2021-08-19
0821545400,896375,2025-07-07
0822241339,903209,2025-07-27
0821541572,33202,2021-02-08
0821589850,110297,2022-01-10
1850036500,125762,2022-03-22
0821294328,33058,2021-02-07
0822064682,82551,2021-09-06
0822311137,513017,2023-04-13
0821896323,55972,2021-05-04
1850040999,92664,2021-10-17
1850076030,125962,2022-03-23
0821536358,8864,2020-09-30
0822240807,908601,2025-08-11
0822215762,914425,2025-08-30
0822312822,917396,2025-09-09
0821542619,789155,2024-05-27
1850037026,703926,2023-11-16
1850039135,806332,2024-08-15
0821541522,699672,2023-11-01
0822216092,699671,2023-11-01
0822233441,107704,2021-12-23
0821933064,793222,2024-06-12
1850035197,782673,2024-04-30
0821929592,773502,2024-03-20
0821707605,9719,2020-10-05
0822235689,543802,2023-05-08
0821706255,7803,2020-09-26
0821538439,14032,2020-10-24
0821929953,96307,2021-10-28
0821536979,6328,2020-09-14
0821543646,14648,2020-10-26
0821895422,63389,2021-06-02
1850028869,758281,2024-01-15
0822298437,83228,2021-09-08
0821586381,22554,2020-11-19
1850035522,116157,2022-02-09
0822240523,72576,2021-07-31
0822254053,784299,2024-05-07
0821933020,88938,2021-09-30
1850049315,89539,2021-10-03
1850081009,97607,2021-11-03
0822297789,110592,2022-01-12
0821585738,801117,2024-07-23
0822237271,634325,2023-08-01
1850037164,631078,2023-07-26
0822233361,672523,2023-09-24
0821871475,760131,2024-01-23
0821931936,840572,2024-12-29
0821590893,913631,2025-08-27
V9E0015254,873370,2025-04-23
1850077938,103782,2021-12-04
1850036623,439397,2022-12-29
0821708181,891787,2025-06-22
0821543417,460089,2023-02-01
0821543743,17178,2020-11-03
0821705117,19260,2020-11-11
0821579983,125983,2022-03-23
0821542655,892565,2025-06-24
0822295902,139619,2022-05-26
0821542916,32101,2021-02-01
0821707814,130039,2022-04-13
0822235902,104364,2021-12-07
0821386228,106705,2021-12-19
0821705775,371296,2022-11-06
1850039129,899879,2025-07-17
0822313269,88574,2021-09-29
0821929485,883317,2025-05-22
0821587355,883310,2025-05-22
0822295771,888982,2025-06-11
1850074366,862553,2025-03-12
0822297746,906317,2025-08-04
0821927899,51264,2021-04-17
0821895422,59861,2021-05-20
0821895426,55432,2021-05-04
0822239779,72464,2021-07-29
0821933217,468462,2023-02-14
0821705012,339967,2022-10-11
0821539813,27394,2020-12-28
0821706071,12731,2020-10-20
1850034595,806357,2024-08-15
1850076611,602089,2023-06-22
0822237657,587085,2023-06-12
0822063762,708876,2023-12-05
0821932451,789443,2024-05-28
0822239530,109929,2022-01-09
0821928491,781908,2024-04-28
0822234323,828277,2024-11-17
0821591170,35171,2021-02-20
0822236462,789867,2024-05-30
0821892419,591815,2023-06-15
0821590813,792889,2024-06-11
0821931174,90465,2021-10-07
0821892689,107948,2021-12-25
0821934736,108028,2021-12-26
0821538063,14561,2020-10-26
0821585875,791822,2024-06-06
0821544014,18244,2020-11-08
1850028532,278925,2022-09-06
0821895340,52546,2021-04-21
0821894526,57153,2021-05-07
0822242613,73143,2021-08-02
1850109096,706581,2023-11-27
0821536644,4711,2020-08-27
0821585980,75600,2021-08-15
0822253328,104146,2021-12-06
0821579883,807622,2024-08-21
0822238645,69822,2021-07-05
0821898458,73465,2021-08-03
1850083095,225460,2022-08-17
0821539848,47610,2021-04-01
0821931248,33971,2021-02-13
0821898710,757262,2024-01-10
0822236772,434833,2022-12-21
0821544003,489720,2023-03-09
0822239278,847476,2025-01-23
0822235172,625799,2023-07-17
1850076196,100187,2021-11-16
0822243297,108238,2021-12-27
0821541572,112339,2022-01-22
0821933020,49045,2021-04-11
0821746705,76044,2021-08-17
0821746763,27768,2020-12-30
0821709196,172511,2022-07-17
0822058343,58154,2021-05-10
0822314993,83486,2021-09-09
1850076189,635892,2023-08-03
0822298587,678755,2023-10-04
1850079234,102954,2021-11-28
0822242276,851178,2025-02-06
1850029916,119385,2022-02-24
0821928311,792864,2024-06-11
0822216096,821950,2024-10-24
1850035179,831108,2024-11-26
0822311807,864026,2025-03-17
0821537913,872991,2025-04-21
V9E0011307,851976,2025-02-10
0822319080,311121,2022-09-20
0821933928,311189,2022-09-20
1850028532,853172,2025-02-13
0821350721,872536,2025-04-19
0822295981,562162,2023-05-23
1850035482,623498,2023-07-12
0821390511,501860,2023-03-27
0821929769,656143,2023-09-02
0821895422,63760,2021-06-03
0821211319,407970,2022-11-15
1850028869,575644,2023-06-04
0821587681,700629,2023-11-05
0821748826,760190,2024-01-23
0821872566,91920,2021-10-13
1850021782,839693,2024-12-25
0822063206,781927,2024-04-28
0821589234,864308,2025-03-18
1850034953,850355,2025-02-04
V9E0012749,869449,2025-04-08
0822062177,885765,2025-05-29
0821709299,835155,2024-12-10
0822253479,97352,2021-11-01
0821589262,864050,2025-03-17
0822216077,805878,2024-08-14
1850035552,114219,2022-01-31
0821896677,294508,2022-09-12
0821544002,172844,2022-07-17
1850039032,126314,2022-03-24
0821894035,126603,2022-03-27
1850080754,866039,2025-03-24
0821932725,498171,2023-03-21
1850081612,148049,2022-06-06
0822234541,67680,2021-06-26
0821897607,809005,2024-08-28
0822211581,87029,2021-09-23
0821895630,878040,2025-05-12
0821546012,91572,2021-10-12
1850080202,697386,2023-10-29
0821936127,67800,2021-06-27
1850077211,203067,2022-08-08
0822234067,905309,2025-07-31
1850035179,100591,2021-11-17
0821892525,41963,2021-03-04
0822233908,76311,2021-08-17
0822319282,900126,2025-07-17
0821570264,784232,2024-05-07
1850040041,89860,2021-10-04
0821900759,87182,2021-09-23
0821895422,62002,2021-05-27
0822063762,64877,2021-06-06
0821589431,20671,2020-11-16
0821579883,24415,2020-11-28
0821708195,10300,2020-10-08
0821579459,21154,2020-11-17
0821590209,63668,2021-06-03
0821874060,52873,2021-04-22
0821578380,30464,2021-01-19
0821591170,129914,2022-04-13
0821932322,916681,2025-09-07
1850108620,831096,2024-11-26
0821543743,19317,2020-11-11
1850073757,98859,2021-11-09
0821897636,118599,2022-02-21
0821933686,433386,2022-12-19
0821543471,24993,2020-11-30
0821543471,24894,2020-11-29
0821746751,27090,2020-12-27
0821895422,59183,2021-05-18
0821797574,26116,2020-12-19
0821746764,27165,2020-12-27
0822313245,767153,2024-02-22
0821543471,24998,2020-11-30
1850047310,152413,2022-06-11
0821929822,809768,2024-09-01
0821748498,27191,2020-12-28
0821587773,859507,2025-03-02
1850109096,766865,2024-02-21
0821892570,885720,2025-05-29
0821933064,111030,2022-01-15
0822238543,83014,2021-09-07
0821932966,814790,2024-09-22
0821537041,488774,2023-03-08
0821589292,878692,2025-05-13
1850036662,416729,2022-11-24
0821936127,433120,2022-12-19
0821545651,904429,2025-07-29
0821897891,865815,2025-03-23
0821538283,877293,2025-05-08
0822312952,619491,2023-07-05
0821893804,455767,2023-01-23
0821928480,456942,2023-01-24
0821543298,83849,2021-09-11
1850038461,464946,2023-02-07
0822062835,112218,2022-01-20
0822237218,85234,2021-09-16
0821538320,17727,2020-11-05
0822242051,768563,2024-02-29
0822063326,792461,2024-06-10
0821895422,63415,2021-06-02
0822066343,441243,2023-01-02
0821896339,48793,2021-04-10
0822298132,85913,2021-09-19
0821930144,913588,2025-08-27
0822062318,38813,2021-03-03
0821893924,117728,2022-02-16
0821543400,277145,2022-09-05
0821895340,52543,2021-04-21
0822253328,86498,2021-09-21
0821873903,46747,2021-03-29
1850083098,95418,2021-10-26
0822064642,578786,2023-06-06
0821545806,653741,2023-08-29
0822295624,801175,2024-07-23
0822313319,81675,2021-09-01
0821893940,88794,2021-09-29
0821935907,774451,2024-03-25
1850079239,100122,2021-11-15
0821897364,84799,2021-09-14
0822315793,85564,2021-09-18
0822241605,898642,2025-07-14
0821932946,901776,2025-07-22
0822235065,422546,2022-12-01
0822312295,853298,2025-02-14
0821537041,904468,2025-07-29
0821929702,881417,2025-05-18
0821929931,889133,2025-06-12
0821897115,106189,2021-12-16
1850077087,107511,2021-12-23
0821705775,111131,2022-01-16
0821933217,761250,2024-01-29
0822298074,710994,2023-12-13
1850079473,89272,2021-09-30
1850034395,581804,2023-06-08
0821892759,900072,2025-07-17
0821708490,503580,2023-03-29
V9E0010240,857882,2025-02-26
0821930238,805881,2024-08-14
0822253225,821150,2024-10-21
0821586140,862015,2025-03-10
0822237071,677108,2023-10-01
1850048825,804291,2024-08-07
0821706523,645925,2023-08-17
0821896286,706692,2023-11-27
0821580321,175821,2022-07-21
0822063015,61201,2021-05-24
0821537698,815577,2024-09-25
0821928244,45990,2021-03-24
1850075395,769503,2024-03-04
1850047754,846200,2025-01-20
0822235253,466038,2023-02-09
1850034066,93459,2021-10-19
0821872321,172795,2022-07-17
1850081100,878344,2025-05-12
0821930709,112564,2022-01-23
0821934260,407236,2022-11-14
0821897635,132678,2022-04-28
0822240258,830943,2024-11-25
0822315577,138650,2022-05-25
0821891363,698099,2023-10-30
0821892258,844778,2025-01-14
0821892570,793199,2024-06-12
1850028869,890251,2025-06-16
1850075845,786172,2024-05-14
0821580884,134456,2022-05-12
0821930869,54566,2021-04-27
0822311700,404555,2022-11-10
0822215928,792781,2024-06-11
0822236599,461535,2023-02-03
1850039877,901173,2025-07-21
0821872702,907595,2025-08-07
0822236635,906849,2025-08-05
0822216085,465053,2023-02-07
0821542707,175949,2022-07-21
0821895242,297443,2022-09-13
0821931764,51984,2021-04-19
1850047516,910536,2025-08-17
0821585930,20147,2020-11-15
0821746585,27097,2020-12-27
0821897533,118942,2022-02-22
1850108522,106763,2021-12-19
0822235722,851968,2025-02-10
0822253270,838831,2024-12-22
0822237657,852955,2025-02-13
1850034173,862716,2025-03-12
0822236251,852351,2025-02-11
0822066343,67199,2021-06-23
0822234826,63812,2021-06-03
0822319473,882960,2025-05-21
0821896728,45582,2021-03-23
0821936752,156618,2022-06-15
0821931763,148804,2022-06-07
0821570545,3470,2020-08-13
0821872762,49559,2021-04-12
0821746271,131704,2022-04-21
0822059123,58038,2021-05-10
0821543471,24805,2020-11-29
0821537153,10273,2020-10-08
0821872762,50948,2021-04-15
0822061746,59306,2021-05-18
0821708943,11824,2020-10-15
0821578585,15375,2020-10-28
0822234117,78269,2021-08-25
1850047224,118519,2022-02-21
0821537693,5392,2020-09-03
0821895651,847188,2025-01-23
0821873263,823656,2024-10-31
0822237988,75849,2021-08-16
0821894994,427586,2022-12-10
1850075789,862923,2025-03-13
0821927437,90965,2021-10-10
0821707480,129584,2022-04-12
0822244052,201335,2022-08-07
0821931699,362961,2022-10-31
0821587861,19564,2020-11-12
0821892016,553014,2023-05-14
0821537765,836212,2024-12-13
1850075936,421317,2022-11-30
0822237074,587878,2023-06-13
1850037330,638954,2023-08-07
1850054266,911731,2025-08-20
0821873137,897452,2025-07-10
1850048008,631545,2023-07-27
0821544098,640625,2023-08-09
0821386262,898571,2025-07-14
0821894543,797067,2024-07-04
0821872844,475390,2023-02-20
1850030773,785143,2024-05-09
0821543743,770746,2024-03-08
0821585980,491776,2023-03-12
0821543904,776061,2024-04-01
0821580884,7018,2020-09-21
0821895422,60793,2021-05-23
0822063111,77566,2021-08-23
0822240121,294364,2022-09-12
0821543471,24778,2020-11-29
0821895422,60397,2021-05-22
0821872762,51651,2021-04-18
0821895284,98933,2021-11-10
1850081717,101798,2021-11-22
0822062234,297718,2022-09-13
0821591170,88651,2021-09-29
0821874048,159230,2022-06-19
0822298525,879806,2025-05-15
0821114884,820,2020-01-20
0821580851,7948,2020-09-27
0821895422,63142,2021-06-01
0821705931,11592,2020-10-14
0821895422,70817,2021-07-11
0821706609,9391,2020-10-04
0821542916,32106,2021-02-01
0821587355,13556,2020-10-22
0821706220,812708,2024-09-12
0821708610,64979,2021-06-07
0822235638,68010,2021-06-28
0822209314,59185,2021-05-18
0821873949,43635,2021-03-15
0821897282,819982,2024-10-16
1850082841,873820,2025-04-24
0821579608,710499,2023-12-12
1850074039,103898,2021-12-05
0822236551,66382,2021-06-17
0821935054,111677,2022-01-18
0821545918,151821,2022-06-09
0822240163,157744,2022-06-16
0822298311,224517,2022-08-16
1850049275,95012,2021-10-25
0821708785,466840,2023-02-12
0821578216,19949,2020-11-14
0821870961,468846,2023-02-14
0821934175,112605,2022-01-23
0822235570,816850,2024-10-01
1850075936,806346,2024-08-15
1850034047,602080,2023-06-22
0821892296,793395,2024-06-13
1850048145,131803,2022-04-22
0821570352,169493,2022-07-07
1850048469,178930,2022-07-26
0821578585,300332,2022-09-14
1850030773,404565,2022-11-10
0821797692,653748,2023-08-29
0822234043,86095,2021-09-20
0821929734,53333,2021-04-24
0821538807,33078,2021-02-07
0822237197,93869,2021-10-20
0821892537,811911,2024-09-09
0821931733,117413,2022-02-15
1180120802,904144,2025-07-29
1850033942,664333,2023-09-12
0821932007,752395,2023-12-20
0821386141,2488,2020-07-08
0821536507,6025,2020-09-12
0821579459,21072,2020-11-17
0821536868,5030,2020-08-30
0821748438,26600,2020-12-24
0821539192,425197,2022-12-06
0821895422,60872,2021-05-23
0821929278,89492,2021-10-03
0821872436,481604,2023-02-28
0821893806,895208,2025-07-02
0821579668,30458,2021-01-19
0821928152,56484,2021-05-05
0821929323,52572,2021-04-22
0821798718,95538,2021-10-26
0821385797,2281,2020-07-02
0822239606,915696,2025-09-03
0821706257,764167,2024-02-11
0821932006,52564,2021-04-21
0821542655,26477,2020-12-23
0821705337,32970,2021-02-07
0821928251,42705,2021-03-10
0821893370,44344,2021-03-18
0822312289,446377,2023-01-11
0822238664,72259,2021-07-28
1850039040,446959,2023-01-11
0821896593,909516,2025-08-13
0822238261,575066,2023-06-03
0821930642,130306,2022-04-14
0821707377,844279,2025-01-13
0822311797,88751,2021-09-29
0821936298,57091,2021-05-07
0822242257,87970,2021-09-27
0822254012,90464,2021-10-07
0822240163,72798,2021-08-01
0822060000,61143,2021-05-24
1850074325,871057,2025-04-14
0822319909,84427,2021-09-13
0821705337,103476,2021-12-01
0821589342,787856,2024-05-21
0821542636,110647,2022-01-12
0822216085,897368,2025-07-10
0822240245,319885,2022-09-26
0822298194,799835,2024-07-17
0821932928,465447,2023-02-08
1850037186,89932,2021-10-05
0821935546,508850,2023-04-08
0821931999,111738,2022-01-18
1850047755,123740,2022-03-14
0821570523,796268,2024-07-01
0822236780,120134,2022-03-01
0821298630,781918,2024-04-28
V9E0012776,907176,2025-08-06
0821543743,640324,2023-08-09
0821935718,698824,2023-10-31
0821211449,761235,2024-01-29
0822236009,881534,2025-05-18
0822319833,861722,2025-03-10
0822317798,859983,2025-03-04
0821570264,4211,2020-08-24
0821211486,884428,2025-05-26
0822235253,823776,2024-10-31
0821929953,862870,2025-03-13
0821894341,320699,2022-09-26
0821390554,865918,2025-03-24
0821897213,877393,2025-05-08
0821895340,52589,2021-04-22
0821897172,780816,2024-04-22
0822235065,419605,2022-11-28
0821536670,139952,2022-05-26
0822237063,886823,2025-06-02
0821931174,46767,2021-03-29
1850076053,96203,2021-10-28
V9E0017440,856787,2025-02-23
1850034446,101795,2021-11-22
0821929822,756445,2024-01-08
1850042080,428087,2022-12-11
0821800842,26403,2020-12-23
0821935961,90761,2021-10-10
0821873590,172605,2022-07-17
0822240747,358745,2022-10-27
0821927366,371284,2022-11-06
0821587773,883433,2025-05-22
0822235064,883262,2025-05-22
0821570352,826684,2024-11-11
1850047587,98730,2021-11-09
0821891278,587168,2023-06-12
0821897358,809754,2024-09-01
0821872819,132193,2022-04-25
V9E0011857,865130,2025-03-20
0821587861,793358,2024-06-12
0822315560,647849,2023-08-20
1850075074,146980,2022-06-05
1850037982,901952,2025-07-23
0821707338,821146,2024-10-21
1850083242,124799,2022-03-17
0821748486,753916,2023-12-26
0821896711,357484,2022-10-25
0821933928,866961,2025-03-26
0821872857,819663,2024-10-15
0822060191,323867,2022-09-28
V9E0017588,866465,2025-03-25
0821537026,5695,2020-09-08
1850080011,859995,2025-03-04
0822244354,89861,2021-10-04
0821538171,901612,2025-07-22
1850081015,93953,2021-10-20
1850039597,152432,2022-06-11
1850047587,228784,2022-08-18
1850027744,312147,2022-09-21
0822295921,75847,2021-08-16
0821580563,104463,2021-12-07
0822236554,854635,2025-02-17
0821936493,111423,2022-01-17
0821350427,889919,2025-06-15
0822237955,819214,2024-10-13
1850039895,300282,2022-09-14
0821539145,116163,2022-02-09
0821873779,50434,2021-04-14
0821895913,53092,2021-04-24
0822244360,86928,2021-09-22
0822235242,76069,2021-08-17
0822240081,902759,2025-07-25
0822242091,901196,2025-07-21
0822254144,909321,2025-08-12
0821589292,15088,2020-10-27
0821933349,130877,2022-04-18
0821748553,131613,2022-04-21
0822253186,95195,2021-10-26
1850037372,100117,2021-11-15
0821892412,124932,2022-03-18
0821579459,21147,2020-11-17
0821928816,58615,2021-05-12
0821537730,881125,2025-05-17
0822234043,878267,2025-05-12
0821893140,51297,2021-04-17
0821891363,28777,2021-01-10
0821892574,408627,2022-11-16
0821705117,29447,2021-01-14
0821542880,17221,2020-11-03
0821929953,32118,2021-02-01
0821579459,21116,2020-11-17
0821932662,46077,2021-03-25
0821934939,55256,2021-05-01
0821541494,19291,2020-11-11
0821895630,45464,2021-03-23
0821929495,61039,2021-05-24
0821873898,777435,2024-04-07
0821872762,62964,2021-05-31
0821893107,110100,2022-01-10
0821545697,26936,2020-12-25
0821936493,219545,2022-08-14
0822236838,71325,2021-07-14
0821586869,16781,2020-11-02
0822243812,84606,2021-09-14
0822236489,290052,2022-09-10
0822315793,793246,2024-06-12
0822234774,107666,2021-12-23
0822244113,841445,2024-12-31
0822296226,817046,2024-10-02
0821934209,56647,2021-05-06
1850035552,114184,2022-01-31
1850038113,122318,2022-03-09
0821928633,787630,2024-05-20
0822295981,672707,2023-09-24
0822311178,812118,2024-09-10
0822216092,772652,2024-03-17
0821871542,584349,2023-06-10
0822311637,792830,2024-06-11
0822236711,912662,2025-08-24
0822314806,902286,2025-07-23
0822242882,908137,2025-08-10
0821536249,855033,2025-02-18
0821928377,901042,2025-07-21
0822212551,901583,2025-07-22
1850076063,654598,2023-08-30
0822236462,460478,2023-02-01
0821586700,464947,2023-02-07
0822211707,672529,2023-09-24
0822236024,64078,2021-06-05
0822253433,915756,2025-09-03
0822237074,75843,2021-08-16
0822060979,793505,2024-06-13
0821588305,108043,2021-12-26
0821545739,194312,2022-08-04
0821928633,36144,2021-03-01
0821579555,435491,2022-12-22
0822237218,577116,2023-06-05
0821579933,899909,2025-07-17
0821892844,31176,2021-01-24
0822298811,84333,2021-09-13
0822234895,82136,2021-09-04
0821546029,97647,2021-11-03
0822242972,88202,2021-09-27
0822298369,85695,2021-09-19
1850082078,350862,2022-10-20
0821934209,799428,2024-07-16
0821895422,60781,2021-05-23
0821593101,109254,2022-01-04
V9E0016100,860475,2025-03-05
0821933339,821151,2024-10-21
1850076861,118116,2022-02-19
1850075924,464827,2023-02-07
0821927637,130636,2022-04-17
0822059012,485556,2023-03-05
1850109096,668448,2023-09-18
0822244129,372865,2022-11-08
0821543298,477868,2023-02-23
0821538171,644147,2023-08-15
0821896565,58938,2021-05-17
0821936745,59170,2021-05-18
0821872300,46775,2021-03-29
0822236226,66240,2021-06-15
0821543070,848566,2025-01-28
0821934650,57565,2021-05-08
0822215847,66422,2021-06-17
0822253186,835972,2024-12-12
0821871776,129827,2022-04-12
0821873446,29602,2021-01-15
0821706071,881720,2025-05-19
0821386033,893927,2025-06-29
0821898192,61581,2021-05-26
0822312246,84629,2021-09-14
1850081793,115247,2022-02-04
0822253480,84098,2021-09-12
1850075395,106895,2021-12-20
1850082521,828537,2024-11-18
V9E0016532,857569,2025-02-25
1850077145,112592,2022-01-23
0821930669,777030,2024-04-04
0821874019,830312,2024-11-24
1850054865,122507,2022-03-10
0821934087,786127,2024-05-14
0822297737,795006,2024-06-24
0821538774,6740,2020-09-17
0821931248,113023,2022-01-25
1850080213,192004,2022-08-03
0821546029,9704,2020-10-05
0821570061,878250,2025-05-12
0821585875,4702,2020-08-27
0822243806,894636,2025-06-30
1850050557,193908,2022-08-04
0821897635,464942,2023-02-07
0822240064,69637,2021-07-05
0822208340,107728,2021-12-23
1850039029,785139,2024-05-09
1850077145,773091,2024-03-19
0821537807,757476,2024-01-11
0822240163,886525,2025-06-01
0822298730,785734,2024-05-12
0821873223,29466,2021-01-14
0821211323,581,2019-12-15
1850081723,903164,2025-07-27
0821545697,26938,2020-12-25
0821893435,156869,2022-06-15
0821543273,19565,2020-11-12
0821895422,58392,2021-05-11
0822234163,73907,2021-08-05
0821874039,54130,2021-04-26
0821897829,44377,2021-03-18
0821895618,625868,2023-07-17
0821705852,13617,2020-10-22
0821543471,24800,2020-11-29
0821542655,17783,2020-11-05
0821585798,8322,2020-09-28
0821580238,29555,2021-01-15
0821900985,59330,2021-05-18
0821872762,58558,2021-05-11
0821579459,21123,2020-11-17
1850082521,174468,2022-07-19
1850037848,92618,2021-10-16
0821928118,168065,2022-07-05
0822244185,245220,2022-08-24
0821892762,486113,2023-03-05
0822314924,125935,2022-03-23
1850080183,821982,2024-10-24
0821929769,821746,2024-10-23
1850048185,638104,2023-08-06
1850040014,95600,2021-10-26
1850082190,95088,2021-10-25
0821746589,27414,2020-12-28
0821210954,1135,2020-02-17
0822296098,75173,2021-08-11
0821539895,29559,2021-01-15
0821897938,111368,2022-01-17
0821586915,153432,2022-06-12
0822315560,89684,2021-10-04
0821708604,837167,2024-12-16
1850037855,89924,2021-10-05
0821895880,660467,2023-09-07
0821933317,72571,2021-07-31
1850048324,103545,2021-12-01
0821871694,912086,2025-08-21
0821933064,162224,2022-06-23
0822244138,160897,2022-06-21
0821536616,173840,2022-07-18
1850056206,889127,2025-06-12
1850108606,188721,2022-08-02
0821932005,899164,2025-07-15
1850030051,237474,2022-08-22
1850080087,104476,2021-12-07
1850032814,309069,2022-09-19
0821587859,173938,2022-07-19
0822253613,82590,2021-09-06
0822063206,625744,2023-07-17
0822211494,673231,2023-09-25
1850035855,99050,2021-11-10
0822244113,149467,2022-06-07
0821211449,164760,2022-06-28
1850079005,330228,2022-10-03
0821587161,896405,2025-07-07
0822240138,672578,2023-09-24
0822061423,552517,2023-05-14
1850047754,879698,2025-05-15
0821928473,133199,2022-05-08
0821546012,7464,2020-09-24
0821746604,56661,2021-05-06
0821896711,49940,2021-04-13
0821707620,10009,2020-10-07
0821894467,43965,2021-03-17
0821871776,33436,2021-02-09
0821706471,256872,2022-08-28
1850038054,759551,2024-01-21
0821871542,709201,2023-12-06
0821895127,361174,2022-10-29
0821588850,785227,2024-05-09
0821872142,32726,2021-02-06
0821570144,309268,2022-09-19
0822242972,88207,2021-09-27
0821591170,460526,2023-02-01
0822237090,76115,2021-08-17
0821929322,866071,2025-03-24
0821579956,829320,2024-11-20
V9E0011733,886206,2025-05-31
0821871703,173614,2022-07-18
0822254012,779485,2024-04-16
0822244269,82544,2021-09-06
0821546094,814187,2024-09-19
1850079535,790988,2024-06-04
1850073628,889069,2025-06-11
0822064682,179322,2022-07-26
0822064225,802052,2024-07-28
0821897364,141626,2022-05-29
0822236049,100782,2021-11-17
0821931998,159726,2022-06-20
0821896181,493639,2023-03-15
0821386187,190049,2022-08-02
0822235253,242555,2022-08-23
0821874039,52966,2021-04-23
1850077090,97965,2021-11-04
0821932007,845759,2025-01-19
0821589431,794006,2024-06-17
0821930099,789375,2024-05-28
0821588850,807145,2024-08-19
0822234317,119925,2022-02-28
0821707970,711220,2023-12-14
0821707377,855117,2025-02-18
0821934138,901613,2025-07-22
0821542772,102475,2021-11-25
1850076535,633500,2023-07-31
0822242690,587333,2023-06-12
1850075845,902047,2025-07-23
1850021688,121614,2022-03-07
1850077444,106099,2021-12-15
1850109006,146364,2022-06-04
0821539145,799441,2024-07-16
1850049124,839413,2024-12-24
0822243075,69581,2021-07-05
0822236551,130265,2022-04-14
0821897533,157118,2022-06-16
1850109096,318353,2022-09-25
0822242891,673426,2023-09-25
V9E0011866,865763,2025-03-23
0822237713,493429,2023-03-14
0822060399,818281,2024-10-08
0822311780,863031,2025-03-13
0822312251,445336,2023-01-09
0821873197,881887,2025-05-19
0822235470,803801,2024-08-05
0821706520,762855,2024-02-05
0821706179,14419,2020-10-25
0821931955,849674,2025-02-02
0821873792,896666,2025-07-09
0821587464,15167,2020-10-27
0821539997,17657,2020-11-05
0821895422,58387,2021-05-11
0822064104,65064,2021-06-07
0821873984,172601,2022-07-17
0821580783,135528,2022-05-17
0821708746,887279,2025-06-03
0822060747,896109,2025-07-06
0822237399,75730,2021-08-15
0821893092,847080,2025-01-22
1850082924,160880,2022-06-21
0821900759,787535,2024-05-20
1850037232,89867,2021-10-04
0821898103,55580,2021-05-04
0821798840,451771,2023-01-18
0822237466,135484,2022-05-17
0821928071,136145,2022-05-19
0822298000,571155,2023-05-30
0822063111,114602,2022-02-01
1850079005,104345,2021-12-06
0822240222,707685,2023-11-30
0822060999,208734,2022-08-10
1850022348,668621,2023-09-18
V9E0012900,884015,2025-05-25
0822236651,805862,2024-08-14
0822253604,460640,2023-02-01
0821932946,582106,2023-06-08
0822236180,706148,2023-11-26
0822298660,87662,2021-09-26
0822234561,781379,2024-04-24
0821873024,88595,2021-09-29
0822253626,95506,2021-10-26
0821895441,115465,2022-02-06
0821935135,164279,2022-06-27
0822234557,168073,2022-07-05
0821705117,432702,2022-12-18
0821386381,443321,2023-01-05
0821930979,572279,2023-05-31
0822061792,701553,2023-11-08
0821585930,34513,2021-02-16
0822215523,70820,2021-07-11
0821900907,67510,2021-06-24
0821896141,51815,2021-04-19
0821543097,512185,2023-04-13
0821588305,570152,2023-05-30
0821705449,834666,2024-12-08
0821211216,848452,2025-01-28
0821350417,3472,2020-08-13
0821897358,512030,2023-04-12
0822062370,671029,2023-09-21
0822059590,77538,2021-08-23
0822311574,498333,2023-03-21
0821543273,63377,2021-06-02
0821579459,21078,2020-11-17
0821543471,24922,2020-11-29
0822207592,69392,2021-07-04
0822236492,74440,2021-08-09
0821928588,507454,2023-04-05
0821543149,879718,2025-05-15
0821586371,129929,2022-04-13
0821871290,44533,2021-03-20
0821706179,189026,2022-08-02
1850049419,278869,2022-09-06
0821928092,443170,2023-01-05
0822236339,78362,2021-08-25
0821386033,2003,2020-06-15
0821893296,408329,2022-11-16
0822234436,760427,2024-01-24
0821896908,826601,2024-11-11
0822058103,149952,2022-06-08
0821871622,48703,2021-04-10
0822239060,857547,2025-02-25
0822237278,903329,2025-07-27
0821797574,761241,2024-01-29
0821748553,760110,2024-01-23
1850055472,775305,2024-03-28
0821546094,798340,2024-07-10
0822253148,816950,2024-10-01
0821579883,871131,2025-04-14
0821708964,870086,2025-04-10
0821538695,599154,2023-06-20
0822234561,168523,2022-07-06
0821211012,1262,2020-03-03
0821211366,809,2020-01-19
0821536506,6923,2020-09-20
0821706609,7982,2020-09-27
0821895880,49283,2021-04-11
0821930428,33952,2021-02-13
0821542914,150420,2022-06-08
1850038378,795921,2024-06-29
0821893856,709394,2023-12-07
0821936747,504049,2023-03-30
0821350228,73046,2021-08-02
0822236388,77927,2021-08-24
0821874019,44031,2021-03-17
0821578469,911799,2025-08-20
1850034723,627211,2023-07-19
0821543471,24849,2020-11-29
0821385977,411552,2022-11-19
0821543471,24852,2020-11-29
0822253084,874413,2025-04-27
0821746271,917311,2025-09-09
V9E0011733,886292,2025-05-31
1850038876,814327,2024-09-19
0821543294,811060,2024-09-04
0821935896,836792,2024-12-16
0821895880,845782,2025-01-19
0821542551,20193,2020-11-15
0821871981,113400,2022-01-26
0821210954,1010,2020-02-03
1850078056,796232,2024-07-01
0821589407,32200,2021-02-01
0821545165,25914,2020-12-19
0822236651,71174,2021-07-13
0821932006,844903,2025-01-15
0821893140,135813,2022-05-18
0821586879,18056,2020-11-07
0821588305,823514,2024-10-30
0822243812,109408,2022-01-05
0821797692,902560,2025-07-24
0821570231,3419,2020-08-12
0821871044,32834,2021-02-06
0822314484,885225,2025-05-28
0821542916,32037,2021-02-01
0822242270,93809,2021-10-20
0821871030,109747,2022-01-08
1850079641,100933,2021-11-18
0822061114,129322,2022-04-11
0822234117,137297,2022-05-23
1850083270,99634,2021-11-14
0822211077,134187,2022-05-11
0821929409,443225,2023-01-05
1850077134,791412,2024-06-05
0821928092,890374,2025-06-17
0822208323,909616,2025-08-13
1850037167,147067,2022-06-05
0821746705,27229,2020-12-28
0821746598,27098,2020-12-27
0821932005,44475,2021-03-18
0821935546,57177,2021-05-08
0821386101,52187,2021-04-20
0822064104,881865,2025-05-19
0821897829,664315,2023-09-12
0822254076,87715,2021-09-26
1850038178,92658,2021-10-17
1850080667,95249,2021-10-26
1850039002,89322,2021-09-30
0822063206,119968,2022-02-28
1850057086,123589,2022-03-14
0821545557,169754,2022-07-07
0821872654,897445,2025-07-10
0821590333,123659,2022-03-14
0821872832,130637,2022-04-17
1850036844,420266,2022-11-29
1850035179,361921,2022-10-30
0821580884,701383,2023-11-08
0821211263,761244,2024-01-29
0822242419,816656,2024-09-30
0822295934,862303,2025-03-11
V9E0017970,873060,2025-04-22
0821543646,830343,2024-11-24
1850081286,102936,2021-11-28
0822297672,168840,2022-07-06
0821898283,800142,2024-07-18
0821570474,862085,2025-03-10
1850039895,869139,2025-04-07
0821933457,779208,2024-04-15
0821570061,902767,2025-07-25
0821298630,3834,2020-08-17
0821538396,20925,2020-11-17
0821933042,42540,2021-03-09
0821929227,56691,2021-05-06
0821545697,26941,2020-12-25
0821895422,58498,2021-05-11
0821872762,50945,2021-04-15
0821873230,31228,2021-01-25
0821570257,3184,2020-08-11
0821898234,51963,2021-04-19
0821586463,795172,2024-06-25
0821895422,58412,2021-05-11
0822236554,78971,2021-08-26
0821587088,107715,2021-12-23
1850075624,128929,2022-04-10
1850080335,149841,2022-06-07
0821350142,494709,2023-03-16
0822234541,754031,2023-12-26
0821707472,432453,2022-12-18
0822295928,76163,2021-08-17
1850083095,179530,2022-07-26
0821930314,832907,2024-12-02
0822298169,561326,2023-05-22
0821298489,870298,2025-04-10
0821932562,893045,2025-06-25
1850075268,820223,2024-10-17
0822298146,587072,2023-06-12
0822063924,58171,2021-05-10
0822213105,107598,2021-12-23
1850056206,152323,2022-06-10
1850081009,773083,2024-03-19
0821872857,29331,2021-01-13
0821539895,83594,2021-09-09
0821707302,8091,2020-09-27
0821587391,136699,2022-05-22
0821892412,888977,2025-06-11
1850038168,154652,2022-06-13
0821935718,277541,2022-09-05
0821897459,279008,2022-09-06
0821542707,427604,2022-12-10
0822315793,445786,2023-01-10
0821895422,62553,2021-05-30
0821586954,26450,2020-12-23
1850075844,485989,2023-03-05
0821891142,664325,2023-09-12
0821929822,82714,2021-09-06
0821895340,52587,2021-04-22
0822061181,61517,2021-05-26
1850026066,362157,2022-10-30
0821933349,50107,2021-04-13
0821545697,26927,2020-12-25
0821873903,118485,2022-02-21
1180120812,904158,2025-07-29
0821592989,126581,2022-03-27
0822240174,77146,2021-08-21
0821894025,337013,2022-10-09
0821931072,219404,2022-08-14
0822320181,417084,2022-11-24
0821894650,480225,2023-02-26
0822298771,81271,2021-08-31
1850039505,89323,2021-09-30
0821931741,109292,2022-01-04
0821545697,26939,2020-12-25
0821898239,127106,2022-03-29
0822233472,69179,2021-07-04
V9E0017631,907171,2025-08-06
0822237447,67593,2021-06-26
0821705646,424314,2022-12-05
0821894467,483608,2023-03-02
0822240747,538232,2023-05-04
0821588651,763453,2024-02-07
1850047487,95244,2021-10-26
1850079584,791044,2024-06-04
0821385788,761243,2024-01-29
V9E0007302,869426,2025-04-08
0821537198,619629,2023-07-06
0821936709,132306,2022-04-26
1850074022,817145,2024-10-02
0821931194,837984,2024-12-18
0821586371,886704,2025-06-01
1850022348,254332,2022-08-27
0821705593,819107,2024-10-13
0822253613,813699,2024-09-17
1850108530,475258,2023-02-20
0821935066,752609,2023-12-20
1850076357,313675,2022-09-22
0822242022,908621,2025-08-11
1850108877,837451,2024-12-17
1850082002,802466,2024-07-30
0821934112,102508,2021-11-25
1850033419,841767,2025-01-02
0821935147,107162,2021-12-21
0822311178,859545,2025-03-03
0821897364,883363,2025-05-22
V9E0014377,866544,2025-03-25
0822311764,909641,2025-08-13
0821930238,827133,2024-11-12
0822237399,901012,2025-07-20
0821586822,44181,2021-03-17
0822315560,668517,2023-09-18
0822234388,119504,2022-02-25
0821930979,449918,2023-01-16
0821570264,450951,2023-01-17
0822062146,61621,2021-05-26
0821894521,758372,2024-01-15
0821588815,22771,2020-11-20
0822239231,74617,2021-08-10
0821896339,509443,2023-04-09
0821586972,366272,2022-11-02
0822059486,110685,2022-01-12
1850048577,813113,2024-09-15
0822062999,906451,2025-08-04
0822235368,75541,2021-08-15
0821932451,42972,2021-03-11
0821542916,32128,2021-02-01
0821587773,846006,2025-01-19
0822211077,883873,2025-05-24
0821896168,882738,2025-05-21
1850034492,506500,2023-04-04
1850108520,144891,2022-06-02
0821872561,129678,2022-04-12
0822254255,869869,2025-04-09
0821351832,5195,2020-09-01
0821294257,506642,2023-04-04
0821930238,771228,2024-03-10
0821579988,900863,2025-07-20
0821591162,899873,2025-07-17
1850080741,866507,2025-03-25
0821931329,883350,2025-05-22
1850041603,703911,2023-11-16
0821746763,32907,2021-02-07
0822240258,888969,2025-06-11
0821350501,4203,2020-08-23
0821589217,89582,2021-10-03
0821933678,64977,2021-06-07
1850042232,101745,2021-11-22
0821931410,120600,2022-03-02
1850052885,126773,2022-03-28
0822243500,129283,2022-04-11
0821933237,771841,2024-03-13
0822236917,67640,2021-06-26
0821536124,8649,2020-09-29
0821935151,125279,2022-03-20
1850077231,244134,2022-08-24
0821872762,50953,2021-04-15
0822240985,69894,2021-07-05
0821579849,19627,2020-11-12
0821748384,133847,2022-05-11
0821707480,442182,2023-01-03
1850077556,507800,2023-04-06
0821929489,370524,2022-11-06
1850038182,351562,2022-10-20
0821708003,9318,2020-10-03
0821543471,24888,2020-11-29
0821928429,97043,2021-10-31
1850055472,97145,2021-10-31
0821893140,169640,2022-07-07
0821538171,17981,2020-11-06
0821931072,54509,2021-04-27
0821298623,327418,2022-10-01
0822058679,80902,2021-08-30
1850108557,92388,2021-10-14
1850108597,90593,2021-10-09
1850038182,96081,2021-10-28
0822237308,93859,2021-10-20
0821929227,106248,2021-12-16
0822298344,107129,2021-12-21
1850048612,112989,2022-01-25
1850039294,810569,2024-09-03
0821800848,823532,2024-10-30
1850025277,122430,2022-03-09
0821892392,435500,2022-12-22
0822242276,917767,2025-09-10
1850076247,818394,2024-10-09
0821578585,175212,2022-07-20
0822241132,206697,2022-08-09
0821931951,874434,2025-04-27
0822238588,899022,2025-07-15
0822312693,902294,2025-07-23
0821895199,39126,2021-03-03
1850038178,428545,2022-12-12
0822064633,767726,2024-02-25
0822242972,642185,2023-08-12
0821350228,4141,2020-08-22
0821586140,26171,2020-12-19
0821537026,806305,2024-08-15
0821901050,60612,2021-05-23
0821934112,76743,2021-08-19
0821579459,21186,2020-11-17
0821539145,33107,2021-02-07
0821545697,26933,2020-12-25
0821586381,798070,2024-07-09
0821897050,773424,2024-03-20
0822211077,78759,2021-08-26
0821538757,805501,2024-08-13
0821893296,771855,2024-03-13
0822242741,84661,2021-09-14
1850042237,695322,2023-10-26
0821536385,857474,2025-02-25
0822235052,99162,2021-11-11
0822233962,901108,2025-07-21
0821928715,901224,2025-07-21
0821934760,252320,2022-08-27
0821932451,108452,2021-12-29
0822296175,105305,2021-12-12
0821933499,104820,2021-12-09
1180128778,904397,2025-07-29
0822315008,131956,2022-04-24
0822236635,154278,2022-06-13
0821933455,166713,2022-07-03
1850056188,429899,2022-12-14
0821579438,30799,2021-01-21
0821709443,9908,2020-10-06
0822253186,96345,2021-10-28
0821897880,57114,2021-05-07
0821933455,112847,2022-01-24
V9E0011733,889490,2025-06-13
0821536186,6262,2020-09-13
0821932966,35630,2021-02-23
0821872762,49829,2021-04-13
0821895719,44388,2021-03-18
0821927537,49720,2021-04-12
1850075844,685444,2023-10-12
0822239779,909413,2025-08-13
0821898710,901219,2025-07-21
0821348711,2640,2020-07-16
0821895422,63764,2021-06-03
0822239419,71008,2021-07-13
1850080215,98388,2021-11-07
0822237466,75695,2021-08-15
1850056390,99630,2021-11-14
0821933455,597942,2023-06-20
0822237064,76501,2021-08-18
0821536554,5259,2020-09-02
0822235599,67260,2021-06-23
1850080215,329855,2022-10-03
0821873197,52999,2021-04-23
0821538805,47799,2021-04-04
0821536405,416863,2022-11-24
0821893398,125751,2022-03-22
0821745795,134240,2022-05-12
1850082874,752134,2023-12-19
0821897241,366111,2022-11-02
0821892708,501496,2023-03-26
0821897144,755852,2024-01-04
0822024204,78555,2021-08-25
0821928816,125647,2022-03-22
1850029916,782821,2024-04-30
0821709443,45110,2021-03-22
0821929239,70954,2021-07-12
0822236492,896110,2025-07-06
0821931764,174363,2022-07-19
1850036911,310830,2022-09-20
1850047356,129215,2022-04-11
1850031534,657476,2023-09-03
1850049113,100342,2021-11-16
0821897358,110030,2022-01-09
0822253747,85682,2021-09-18
0822315531,98658,2021-11-09
0821543733,125235,2022-03-20
0821797692,52704,2021-04-22
0821933376,109343,2022-01-04
1850035786,764984,2024-02-13
1850042045,152427,2022-06-11
0821932237,43897,2021-03-16
1850042080,91718,2021-10-12
0822065605,89184,2021-09-30
0822242270,785038,2024-05-09
1850080215,889932,2025-06-15
1850077324,870583,2025-04-12
0821707474,11513,2020-10-14
0821579883,24418,2020-11-28
1850073387,187235,2022-08-01
0821580321,709368,2023-12-07
0822242395,74649,2021-08-10
0821536863,14712,2020-10-26
0821895422,62345,2021-05-29
0821588231,75340,2021-08-13
0821543097,23385,2020-11-23
0821800547,26058,2020-12-19
0821543471,24930,2020-11-29
0821932007,406911,2022-11-14
0821536254,4605,2020-08-26
0821891929,839146,2024-12-23
0822319080,821997,2024-10-24
1850073746,831066,2024-11-26
0821705646,224218,2022-08-16
0821580783,810298,2024-09-02
1850056431,308044,2022-09-18
0822237466,631224,2023-07-26
0821930109,899865,2025-07-17
0821709211,33142,2021-02-08
0822061181,658300,2023-09-04
0821928480,876625,2025-05-06
0821892531,885315,2025-05-28
0821705899,792599,2024-06-10
0821897115,57870,2021-05-09
0822296167,87768,2021-09-26
0821893780,887540,2025-06-04
0822241716,114261,2022-02-01
0821895340,52583,2021-04-22
0821578469,98386,2021-11-07
0821930727,790844,2024-06-03
0822210548,895068,2025-07-02
0821935103,763807,2024-02-08
0821706279,781001,2024-04-23
1850076782,810713,2024-09-03
0821386369,2889,2020-07-24
0821243344,6290,2020-09-14
0822314719,81437,2021-08-31
0821543417,813391,2024-09-16
0821580005,26875,2020-12-24
0822060000,106033,2021-12-15
0821707480,107514,2021-12-23
0821895618,51769,2021-04-19
0822295898,304582,2022-09-16
0821895225,625908,2023-07-17
0821748325,47897,2021-04-05
0821891616,31680,2021-01-27
1850077720,438431,2022-12-27
0822234391,77589,2021-08-23
1850049238,89689,2021-10-04
0821707139,11139,2020-10-13
1850028171,879644,2025-05-15
1180124879,912864,2025-08-25
0821538229,103550,2021-12-01
0821538796,6270,2020-09-13
0821933499,59023,2021-05-17
0821930727,44446,2021-03-18
0822319080,94452,2021-10-23
0822235570,74015,2021-08-08
0822253824,82689,2021-09-06
1850080944,92386,2021-10-14
0822298008,88279,2021-09-28
0821705931,493944,2023-03-15
0822312923,805317,2024-08-12
V9E0015781,871771,2025-04-16
1850033974,871047,2025-04-14
0822315326,86638,2021-09-21
0822312290,84706,2021-09-14
0821585757,6287,2020-09-14
1850075180,660183,2023-09-06
0821708465,131834,2022-04-22
0822236035,429816,2022-12-14
0821538850,6307,2020-09-14
0821543471,24996,2020-11-30
0821893753,56313,2021-05-05
0821896013,56823,2021-05-06
0821898710,56404,2021-05-05
0822240121,897373,2025-07-10
0821930979,36120,2021-03-01
0821898710,371068,2022-11-06
0821706888,87859,2021-09-26
0822066176,511070,2023-04-11
0821872946,667825,2023-09-17
0821933596,109123,2022-01-03
0821545697,26940,2020-12-25
0821931080,57128,2021-05-07
0822295928,441860,2023-01-03
0821897144,173134,2022-07-17
0821895422,63758,2021-06-03
0821898283,55056,2021-04-29
0822244033,98082,2021-11-06
0822238484,73284,2021-08-02
0821873223,54579,2021-04-27
0821588896,90552,2021-10-08
0822060399,72108,2021-07-27
0822239606,73848,2021-08-05
0821872832,789666,2024-05-29
0821895913,869417,2025-04-08
0821707430,811261,2024-09-05
0822254207,874589,2025-04-27
0821891933,449114,2023-01-15
0822295943,871530,2025-04-15
0821706157,496392,2023-03-19
0821894025,899964,2025-07-17
1850041907,464943,2023-02-07
1850031176,128270,2022-04-06
0822237100,76096,2021-08-17
1850036500,840845,2024-12-30
0822065922,801082,2024-07-23
1850081782,441346,2023-01-02
0821542522,586966,2023-06-12
0821536211,806252,2024-08-15
0821542650,502033,2023-03-27
0821588716,632721,2023-07-30
1850031534,817288,2024-10-03
1850035025,859762,2025-03-03
0821708003,572086,2023-05-31
0821590035,785210,2024-05-09
1850035786,103415,2021-12-01
0821931168,128511,2022-04-07
0821570264,154286,2022-06-13
1180129577,915139,2025-09-01
0821928152,546700,2023-05-10
1850041603,113587,2022-01-27
0822235064,657380,2023-09-03
0822211394,684894,2023-10-11
0821385977,760336,2024-01-24
V9E0013525,876387,2025-05-05
1850079272,889070,2025-06-11
0821928118,852712,2025-02-12
1850082315,627085,2023-07-19
0822254255,823706,2024-10-31
0822234436,297413,2022-09-13
0822024266,97802,2021-11-04
0822236599,801134,2024-07-23
0821544965,871398,2025-04-15
1180121392,883215,2025-05-22
0821589351,14529,2020-10-26
1850055576,121261,2022-03-06
0821748502,50864,2021-04-15
0821706888,455245,2023-01-23
0821542916,32105,2021-02-01
0822243555,82708,2021-09-06
0822297574,432201,2022-12-17
0822237197,78656,2021-08-26
0821536507,890528,2025-06-17
0821930806,488997,2023-03-09
0822241112,901555,2025-07-22
0822233781,909060,2025-08-12
0822236335,786304,2024-05-14
0821706186,907523,2025-08-07
0821705593,908436,2025-08-10
0821545856,10520,2020-10-11
0821543471,24850,2020-11-29
0821874039,54368,2021-04-27
0821895422,59312,2021-05-18
0821894844,43659,2021-03-16
0821895422,58394,2021-05-11
0822312700,168365,2022-07-05
0821708811,854855,2025-02-18
0821892932,638202,2023-08-06
0822243349,81993,2021-09-02
1850074566,414516,2022-11-21
1850028532,795352,2024-06-26
0821536369,8065,2020-09-27
0821543904,16955,2020-11-03
1850037382,821994,2024-10-24
1850080380,839694,2024-12-25
0821542916,32039,2021-02-01
0821931640,59181,2021-05-18
0821543471,24857,2020-11-29
0821798718,25900,2020-12-19
1850076874,91177,2021-10-11
0821898446,107221,2021-12-21
0821593000,871328,2025-04-15
0822064779,876586,2025-05-06
0822238604,915773,2025-09-03
0822240545,36630,2021-03-03
0821931955,47008,2021-03-30
0821579883,24425,2020-11-28
0821545697,26910,2020-12-25
0821895340,52597,2021-04-22
0822233517,69509,2021-07-05
0821895225,764544,2024-02-12
0821934112,364760,2022-11-01
0821932007,576007,2023-06-04
0821588815,112265,2022-01-22
0821580079,34674,2021-02-16
0822242724,77087,2021-08-21
0821543471,24994,2020-11-30
0821579883,24424,2020-11-28
0821709299,27531,2020-12-28
0821545697,9000,2020-10-01
0821896957,43073,2021-03-12
0821545856,835330,2024-12-10
1850048461,893895,2025-06-29
0821930806,898650,2025-07-14
0822235065,355473,2022-10-23
0822297746,470519,2023-02-15
0821894694,45655,2021-03-23
0822239140,73240,2021-08-02
0822237828,70899,2021-07-12
0821386381,133491,2022-05-10
0821894994,591521,2023-06-15
0821538753,7950,2020-09-27
0821541414,90194,2021-10-06
0821873994,55856,2021-05-04
0821872762,49723,2021-04-12
0821871475,51924,2021-04-19
0821748665,827396,2024-11-13
V9E0018404,861724,2025-03-10
0821590593,678414,2023-10-03
0822240358,888974,2025-06-11
0821545813,834946,2024-12-09
0821935179,157513,2022-06-16
0821589431,863808,2025-03-17
0821935896,276929,2022-09-05
0822235542,881081,2025-05-17
0821745899,899965,2025-07-17
0821298701,4148,2020-08-23
0821536507,6008,2020-09-12
0821468697,58828,2021-05-17
0821932946,267293,2022-09-01
0821871763,28061,2021-01-04
0821872762,63195,2021-06-01
0821893092,97320,2021-11-01
0821593000,45811,2021-03-24
0822240656,77605,2021-08-23
0821536211,8928,2020-10-01
1850082740,121403,2022-03-06
0822297948,563326,2023-05-24
0822319909,771819,2024-03-13
0821114884,3476,2020-08-13
1850040758,94155,2021-10-21
0822321561,533245,2023-05-01
1850026894,457540,2023-01-25
1850037367,758646,2024-01-16
0821893582,906846,2025-08-05
0821895422,60772,2021-05-23
1850083130,108518,2021-12-29
0821893398,166918,2022-07-03
0821893332,29502,2021-01-14
1850081782,123246,2022-03-13
1850077814,826953,2024-11-12
0821579460,837823,2024-12-18
0822060684,488939,2023-03-09
1850074473,200797,2022-08-07
0822213121,69241,2021-07-04
0821709211,27235,2020-12-28
1850074022,118406,2022-02-20
0821588127,19944,2020-11-14
0822062234,82849,2021-09-07
0822298525,689860,2023-10-18
0821894649,792637,2024-06-10
0822312325,88821,2021-09-30
0822297587,86446,2021-09-21
0821587342,432631,2022-12-18
0821541522,31917,2021-01-30
0821897847,48824,2021-04-11
0821935766,45785,2021-03-24
0822314924,85964,2021-09-19
0821897847,102217,2021-11-24
1850076357,121404,2022-03-06
0821587355,167638,2022-07-04
1850047516,577197,2023-06-05
0821897143,92207,2021-10-14
1850037380,871053,2025-04-14
0822064682,775156,2024-03-27
0821932189,877785,2025-05-11
1850083230,125645,2022-03-21
1850054448,168579,2022-07-06
0821588850,545324,2023-05-09
0821928053,888947,2025-06-11
0822059067,795474,2024-06-26
0821871981,781928,2024-04-28
0822234083,73681,2021-08-05
0821570385,3488,2020-08-13
0821545400,9981,2020-10-06
0821386152,2124,2020-06-29
0821211495,52078,2021-04-20
0822237271,129901,2022-04-13
0821933577,45501,2021-03-23
0821541414,25319,2020-12-08
0821873446,45319,2021-03-22
0821898377,49846,2021-04-13
0822024212,81888,2021-09-02
0822313084,91547,2021-10-12
1850074671,102871,2021-11-28
0822208134,111305,2022-01-17
V9E0011997,861480,2025-03-09
0821587206,591689,2023-06-15
1850050557,851650,2025-02-09
0822236643,161844,2022-06-22
0821873446,178687,2022-07-25
0821892436,497338,2023-03-20
0821935753,864717,2025-03-19
1850082835,873450,2025-04-23
V9E0014480,877796,2025-05-11
0822064225,107014,2021-12-20
V9E0011733,886228,2025-05-31
0822211647,908687,2025-08-11
0822241543,908736,2025-08-11
0821873128,33931,2021-02-13
0821589854,42345,2021-03-08
0821545428,706809,2023-11-28
1850033889,810551,2024-09-03
0822239412,756459,2024-01-08
1850042237,109107,2022-01-03
0821892392,109362,2022-01-04
1850082965,96517,2021-10-30
0821570264,805892,2024-08-14
0821873263,839344,2024-12-24
0821211012,819955,2024-10-16
0821536507,137814,2022-05-24
0822059261,202131,2022-08-08
0821579459,21170,2020-11-17
0821935961,752049,2023-12-19
0822214017,73107,2021-08-02
0822242972,88201,2021-09-27
0821934939,108968,2022-01-03
0822244307,85176,2021-09-15
0821570374,124682,2022-03-17
0821544028,460905,2023-02-02
0821590035,703534,2023-11-15
0821537292,565300,2023-05-26
1850082209,899426,2025-07-16
0821897536,785135,2024-05-09
V9E0012346,855368,2025-02-19
0822211827,794663,2024-06-23
0821927517,899459,2025-07-16
0821706311,9657,2020-10-05
0821587975,27080,2020-12-27
0821709017,105824,2021-12-14
0821545918,8435,2020-09-28
0821386336,2844,2020-07-22
0821350228,27482,2020-12-28
0821587686,42691,2021-03-10
0821706279,8700,2020-09-29
0821543246,30722,2021-01-20
0821545697,26924,2020-12-25
1850039116,759595,2024-01-21
V9E0011579,860786,2025-03-06
1850081809,852303,2025-02-11
0821895422,59877,2021-05-20
0821892537,67051,2021-06-22
0821897213,664728,2023-09-13
0821390511,358709,2022-10-27
0821897115,602342,2023-06-22
0821936092,49608,2021-04-12
0821545697,26935,2020-12-25
0821872565,43774,2021-03-16
0821746271,50759,2021-04-15
0822062786,67283,2021-06-23
0822319477,85878,2021-09-19
0822237610,136356,2022-05-20
0822236651,155306,2022-06-14
0822233518,264578,2022-08-31
1850049115,97730,2021-11-03
0822298771,146333,2022-06-04
1850054655,130866,2022-04-18
0822233825,81573,2021-09-01
0822024212,821677,2024-10-23
1850081904,855274,2025-02-19
0821872762,57422,2021-05-08
0821541525,18485,2020-11-08
0821798092,47494,2021-04-01
0822210553,68919,2021-06-30
0821895422,63609,2021-06-03
0821591162,15035,2020-10-27
0821298701,4149,2020-08-23
0821931982,168778,2022-07-06
1850021688,650563,2023-08-24
0821593101,154589,2022-06-13
0822253747,817332,2024-10-03
0821934251,844691,2025-01-14
0822239165,442078,2023-01-03
0821894699,555357,2023-05-16
0821386101,2220,2020-07-01
0821896589,46950,2021-03-30
1850108522,802177,2024-07-29
1850082209,862277,2025-03-11
0822321606,864315,2025-03-18
1850056631,794994,2024-06-24
0822296309,678490,2023-10-03
0822233372,908719,2025-08-11
0821543812,907609,2025-08-07
0821896286,46104,2021-03-25
1180123795,906030,2025-08-03
0821891804,322081,2022-09-27
1850031939,524203,2023-04-23
0821934176,44705,2021-03-20
0821210100,610,2019-12-18
0821385788,2472,2020-07-08
0821543733,15124,2020-10-27
0821570306,3943,2020-08-19
0821542916,32038,2021-02-01
1180122568,882365,2025-05-20
0821586097,846676,2025-01-21
0822254012,333302,2022-10-05
0821706609,7976,2020-09-27
0822319919,91269,2021-10-11
0821589599,21358,2020-11-17
0821895422,59873,2021-05-20
0821930806,49018,2021-04-11
1850082874,98242,2021-11-07
0821936027,114396,2022-02-01
0821933349,779209,2024-04-15
0821892947,177915,2022-07-24
0822313398,895283,2025-07-02
0821935379,352027,2022-10-20
0822243258,908989,2025-08-12
0822311797,711509,2023-12-16
0821539145,6227,2020-09-13
0821895422,59949,2021-05-20
0821545806,449947,2023-01-16
0822236908,90978,2021-10-10
0822298000,413213,2022-11-20
0821896593,44724,2021-03-20
0821589456,23136,2020-11-22
0821873984,61795,2021-05-27
0822234436,76216,2021-08-17
0821936120,56968,2021-05-06
1850108856,91215,2021-10-11
0821895422,63707,2021-06-03
0822236278,107719,2021-12-23
1850025668,123296,2022-03-13
0822315160,914686,2025-08-31
1850108877,660498,2023-09-07
0822236599,663598,2023-09-11
0822313084,711151,2023-12-14
0821542707,843193,2025-01-08
0821897182,45238,2021-03-22
0821797147,761238,2024-01-29
0821873516,60472,2021-05-22
0821579883,30366,2021-01-18
0822253588,812552,2024-09-12
0821932946,884927,2025-05-27
0821898192,892176,2025-06-23
0822207590,909486,2025-08-13
1850082388,105448,2021-12-13
0821536863,120691,2022-03-03
0821928633,887255,2025-06-03
0822240801,69680,2021-07-05
0821895046,779347,2024-04-16
0821872819,110557,2022-01-12
1850035857,859996,2025-03-04
0822298564,84783,2021-09-14
0821586911,105829,2021-12-14
0822058343,112075,2022-01-20
0822237447,112045,2022-01-20
0821936437,830906,2024-11-25
0821542916,32082,2021-02-01
0821895340,53148,2021-04-24
0821390543,5058,2020-08-31
0822297722,617987,2023-07-03
0821898251,881502,2025-05-18
0821545739,902925,2025-07-26
0821930099,178552,2022-07-25
1850074381,211352,2022-08-11
0821892762,216400,2022-08-13
0821706804,10188,2020-10-08
0822061114,76564,2021-08-18
V9E0015555,877094,2025-05-08
0821542546,891655,2025-06-22
0821900818,65386,2021-06-09
0821211449,743,2020-01-09
0821871230,802360,2024-07-29
0822243806,488341,2023-03-08
0822234541,627047,2023-07-19
0822066176,703313,2023-11-14
0821538318,45926,2021-03-24
0821586054,5171,2020-09-01
0821929702,35611,2021-02-23
0821892981,277074,2022-09-05
0821545494,847093,2025-01-22
0821746758,99543,2021-11-13
0822239961,76861,2021-08-19
0821930238,54756,2021-04-28
0821543471,24909,2020-11-29
0821590813,17434,2020-11-04
0821892318,35753,2021-02-24
0821871973,625056,2023-07-15
0822237189,75937,2021-08-16
0822298730,80656,2021-08-29
0822244008,84638,2021-09-14
0821542546,623236,2023-07-12
0821928715,88621,2021-09-29
0821707114,785576,2024-05-12
1850027572,121914,2022-03-08
1850037249,102376,2021-11-24
0822062234,120612,2022-03-02
0821538753,318402,2022-09-25
0821298489,366091,2022-11-02
0821936745,436520,2022-12-24
1850074927,131257,2022-04-20
0822242724,445964,2023-01-10
0821895692,843969,2025-01-12
0822242972,843941,2025-01-12
0821934334,425784,2022-12-07
0821536174,489330,2023-03-09
1850075624,790980,2024-06-04
0821243244,760332,2024-01-24
0822243681,799812,2024-07-17
0821748486,826490,2024-11-10
0821580851,891631,2025-06-22
0822239419,871105,2025-04-14
1850083129,869445,2025-04-08
V9E0012923,875583,2025-04-30
0821543004,797116,2024-07-04
0822238446,506480,2023-04-04
1850031521,355346,2022-10-23
0821871715,835980,2024-12-12
1850047318,154861,2022-06-13
0822242395,356537,2022-10-24
1850079732,107067,2021-12-21
1850035552,114082,2022-01-31
0821543743,19495,2020-11-12
0821579459,21165,2020-11-17
0821895422,62550,2021-05-30
0821872566,44137,2021-03-17
0821929289,92991,2021-10-18
0821708943,102455,2021-11-25
1850037610,248783,2022-08-25
0821931134,493546,2023-03-14
0821591164,20250,2020-11-15
0821871973,54653,2021-04-28
0821896747,120251,2022-03-01
0822216095,78764,2021-08-26
0821873302,30175,2021-01-18
0821587620,35027,2021-02-18
1850026068,862937,2025-03-13
1850083095,107673,2021-12-23
1850049327,130587,2022-04-17
0821536642,142939,2022-05-30
0821705765,156897,2022-06-16
0822236324,261014,2022-08-30
0822295928,703572,2023-11-15
0821705166,317177,2022-09-24
0821708653,319143,2022-09-25
0822244204,877228,2025-05-08
0821705755,355293,2022-10-23
0821570361,342194,2022-10-13
1850031518,483858,2023-03-02
1850079582,900717,2025-07-20
V9E0016065,869435,2025-04-08
0822063108,870358,2025-04-11
1850079308,895228,2025-07-02
0822233426,894251,2025-06-30
0821588535,789995,2024-05-30
0822253149,883183,2025-05-22
0821897423,813684,2024-09-17
1850079982,110214,2022-01-10
1850077098,770247,2024-03-06
0822237063,144293,2022-06-01
0821930204,682069,2023-10-08
0821348820,827299,2024-11-13
1850079732,830621,2024-11-25
1850078059,156111,2022-06-15
0822315338,861699,2025-03-09
0822296323,146464,2022-06-04
0821872309,885662,2025-05-29
0821934112,860159,2025-03-05
0821537694,703383,2023-11-14
0821539897,839029,2024-12-23
0822059280,789485,2024-05-28
0821708851,163835,2022-06-26
1850038092,882423,2025-05-20
0821895274,789110,2024-05-27
1850025297,155194,2022-06-14
0821536670,786424,2024-05-15
0821579668,22118,2020-11-18
0821705596,9819,2020-10-06
0822241716,68323,2021-06-29
0821897241,812377,2024-09-11
0822058171,65066,2021-06-07
0821936752,65299,2021-06-08
0821896594,111136,2022-01-16
0821536616,779744,2024-04-17
0821536405,830544,2024-11-24
0822236917,113476,2022-01-26
0821709232,167420,2022-07-04
0822211823,841820,2025-01-02
0821589349,22309,2020-11-19
0821931609,31807,2021-01-28
0821874019,120229,2022-03-01
0821709299,27260,2020-12-28
0821591143,801132,2024-07-23
0821536359,242629,2022-08-23
0822312606,78877,2021-08-26
0821590297,15979,2020-10-29
0822241549,908737,2025-08-11
0822237441,115077,2022-02-03
0822061181,165045,2022-06-29
0821873197,135219,2022-05-16
0822213276,152796,2022-06-12
0821580359,165695,2022-07-01
0822239749,845920,2025-01-19
1850047717,863011,2025-03-13
0821931512,873200,2025-04-22
0821934687,872263,2025-04-17
0822064104,446622,2023-01-11
0822319915,915007,2025-09-01
0821211216,893687,2025-06-28
0822240807,915525,2025-09-02
0821211012,1398,2020-03-19
0821579459,21150,2020-11-17
0821543273,63305,2021-06-02
0821930283,206279,2022-08-09
0822242741,563437,2023-05-24
0821897050,631157,2023-07-26
1850035298,98988,2021-11-10
0821543743,17334,2020-11-04
0821545697,26929,2020-12-25
0821570374,124193,2022-03-15
0821538290,12474,2020-10-19
0821895340,52585,2021-04-22
0822215330,69310,2021-07-04
0821891187,50998,2021-04-15
0821900822,59537,2021-05-19
0821931955,156415,2022-06-15
0821579438,409268,2022-11-17
0821579883,24427,2020-11-28
0822240827,114558,2022-02-01
0822210548,831829,2024-11-28
0821896141,808889,2024-08-27
1850047139,889930,2025-06-15
0822242415,840485,2024-12-29
0821578615,707053,2023-11-28
1850054535,429820,2022-12-14
0822311137,442524,2023-01-04
0822236226,591911,2023-06-15
0822215928,645872,2023-08-17
0821871030,834900,2024-12-09
1850075386,235750,2022-08-21
0821929765,428620,2022-12-12
0821537698,4804,2020-08-29
0821896558,116124,2022-02-09
0821871332,854550,2025-02-17
1850108723,764160,2024-02-11
0821895772,118045,2022-02-17
0821935907,442467,2023-01-04
0821587620,219496,2022-08-14
0822296167,820535,2024-10-18
0821538318,824689,2024-11-04
1850037805,852294,2025-02-11
0821545590,468421,2023-02-14
0822211038,784711,2024-05-08
0821745886,799438,2024-07-16
0821933455,821718,2024-10-23
0821707402,798220,2024-07-09
1850108723,769497,2024-03-04
0821210949,544,2019-12-09
0821539044,652094,2023-08-26
0822244052,838926,2024-12-23
0822314871,87628,2021-09-26
0821706344,8002,2020-09-27
0821243244,18871,2020-11-10
0822239996,114368,2022-02-01
0822235052,78499,2021-08-25
0822244185,99683,2021-11-14
0821892290,809407,2024-08-29
0822240689,896412,2025-07-08
1850082485,910951,2025-08-18
0822243967,83601,2021-09-09
1850035083,126232,2022-03-24
0822240250,808873,2024-08-27
0821570374,308082,2022-09-18
0821706311,330306,2022-10-03
0821872854,365111,2022-11-01
0822298369,828322,2024-11-17
0822295976,466421,2023-02-11
0821706804,467322,2023-02-13
1850030763,435188,2022-12-22
0821537694,706770,2023-11-27
0822244499,640582,2023-08-09
0821871030,903368,2025-07-27
0821536979,561992,2023-05-23
0821932478,832837,2024-12-02
0822239165,130253,2022-04-14
1850033862,92965,2021-10-17
0822208020,71388,2021-07-14
0821545366,469135,2023-02-14
1850033889,125221,2022-03-20
1850077803,830845,2024-11-25
0821570352,793602,2024-06-13
0822236163,805596,2024-08-13
0821892419,356556,2022-10-24
1850037855,860512,2025-03-05
1850078113,850356,2025-02-04
1850034445,882276,2025-05-20
0821894467,282161,2022-09-07
0822313167,112713,2022-01-24
1850021688,893956,2025-06-29
0821543149,908991,2025-08-12
0822233773,912201,2025-08-22
0821592989,160085,2022-06-20
0821894436,299661,2022-09-14
0822060000,311971,2022-09-21
0821387281,3434,2020-08-12
0822241257,72179,2021-07-28
0821570306,5091,2020-08-31
0822243750,913550,2025-08-27
0822244360,372127,2022-11-07
0821897607,556595,2023-05-18
0821897509,506228,2023-04-03
0822241605,563163,2023-05-24
0821590813,800605,2024-07-21
0822062234,649623,2023-08-23
0821243344,852241,2025-02-11
1850080011,819116,2024-10-13
0821586700,24242,2020-11-26
0821930204,31249,2021-01-25
1850037050,678316,2023-10-03
0822211823,72099,2021-07-27
0822297730,85235,2021-09-16
1850036610,125744,2022-03-22
0822234774,219130,2022-08-14
0821580783,7030,2020-09-21
0821545697,26944,2020-12-25
0821586097,108385,2021-12-28
0821872367,105423,2021-12-13
1850081079,118016,2022-02-17
0821872367,907529,2025-08-07
0822295839,915064,2025-09-01
1850083237,157645,2022-06-16
0821892525,283829,2022-09-08
0822297574,180190,2022-07-27
0821932037,66895,2021-06-21
0821588896,19008,2020-11-10
0821895422,60804,2021-05-23
0821580884,30893,2021-01-21
0822062702,61883,2021-05-27
0821932562,48975,2021-04-11
0822237610,75670,2021-08-15
0821579883,24452,2020-11-28
0821707209,169633,2022-07-07
0821587684,15973,2020-10-29
0821871783,31572,2021-01-27
0821538805,7108,2020-09-22
0821931126,498541,2023-03-22
1850038971,871050,2025-04-14
0821585738,533386,2023-05-01
0821928053,100142,2021-11-16
1850079489,121897,2022-03-08
0822237271,76267,2021-08-17
0822237536,77013,2021-08-19
0821748498,27210,2020-12-28
0822236011,81455,2021-08-31
0821935961,545261,2023-05-09
0821537738,166712,2022-07-03
1850026929,221948,2022-08-15
0821536385,303765,2022-09-16
0821893734,555405,2023-05-16
1850034082,92169,2021-10-14
0821543904,103464,2021-12-01
0821580925,179145,2022-07-26
0821898192,426738,2022-12-08
1850076821,331786,2022-10-04
0822058171,450737,2023-01-17
0822239947,692977,2023-10-23
0822236226,854535,2025-02-17
0822243750,836451,2024-12-14
0821539997,832597,2024-12-01
V9E0011433,862930,2025-03-13
0822314924,792791,2024-06-11
0821537386,5597,2020-09-07
0822065630,69329,2021-07-04
0821871340,92508,2021-10-16
0821932870,45732,2021-03-23
1850038222,456649,2023-01-24
0822234067,905445,2025-07-31
0822208020,846694,2025-01-21
0821928715,909009,2025-08-12
0821745609,904771,2025-07-30
0821871124,33823,2021-02-12
0822064642,485467,2023-03-05
0821892436,57089,2021-05-07
0822237308,575843,2023-06-04
0822311764,603236,2023-06-22
1850055406,640391,2023-08-09
1850030766,759771,2024-01-22
0821294324,756993,2024-01-09
0821928498,31375,2021-01-26
0821934095,52979,2021-04-23
0821799243,52322,2021-04-21
0822059012,59249,2021-05-18
0821874056,117197,2022-02-14
0821897213,127926,2022-04-04
0822237466,516487,2023-04-17
0821895422,62567,2021-05-30
0822237525,77400,2021-08-22
0822313378,78395,2021-08-25
0822237039,80714,2021-08-29
0822244126,82036,2021-09-03
0821872762,52247,2021-04-20
0821580563,42562,2021-03-09
0821894526,52153,2021-04-20
0822298274,84552,2021-09-13
1850079601,95710,2021-10-27
0821298489,810650,2024-09-03
0822236711,133262,2022-05-08
0822215371,669793,2023-09-20
0821892932,434326,2022-12-20
1850037982,452534,2023-01-19
0821705899,790689,2024-06-03
0821872762,52249,2021-04-20
0822064779,83933,2021-09-12
1850075073,101300,2021-11-20
0821536405,789476,2024-05-28
1850082481,884482,2025-05-26
0821545813,505307,2023-04-02
0821707472,795130,2024-06-25
0821542655,17831,2020-11-05
0821927437,809064,2024-08-28
0821544965,12531,2020-10-19
0821873116,58470,2021-05-11
0821797147,94113,2021-10-21
0821746751,99821,2021-11-14
0822239749,82240,2021-09-05
0821896323,120540,2022-03-02
0821896561,897366,2025-07-10
0822061114,220585,2022-08-15
0821892531,699722,2023-11-01
0822321606,501380,2023-03-26
0821537933,810997,2024-09-04
0821348637,761236,2024-01-29
0821748682,812379,2024-09-11
0822211625,870848,2025-04-13
0822236532,882836,2025-05-21
0822243349,909061,2025-08-12
0821579933,109233,2022-01-04
0821541414,709282,2023-12-06
0822238786,857690,2025-02-25
0821872854,797115,2024-07-04
0821543640,151455,2022-06-09
0821588815,556315,2023-05-18
0821893780,798952,2024-07-14
0821871979,178471,2022-07-25
0822065922,494568,2023-03-16
0821705775,831121,2024-11-26
0821895426,840686,2024-12-29
0821895118,107789,2021-12-23
1850080371,860264,2025-03-05
V9E0017750,871061,2025-04-14
0822065862,881845,2025-05-19
0821929495,125749,2022-03-22
0821544098,915024,2025-09-01
0822235531,879751,2025-05-15
0821589961,27020,2020-12-27
0821872566,44110,2021-03-17
0821871124,329903,2022-10-03
0822315560,305751,2022-09-17
0821580806,4403,2020-08-25
0821468636,56292,2021-05-05
0822254245,85778,2021-09-19
0821933577,107684,2021-12-23
1850039498,416718,2022-11-24
0821931763,331917,2022-10-04
0821936135,456744,2023-01-24
0821588305,807561,2024-08-21
0821536385,771822,2024-03-13
0821897282,42594,2021-03-10
0822237278,68060,2021-06-28
1850074634,89933,2021-10-05
0821930869,785562,2024-05-12
0822237610,786176,2024-05-14
0821589599,824941,2024-11-05
1850081728,103628,2021-12-02
1850034595,167918,2022-07-05
V9E0017964,865127,2025-03-20
0821386161,894264,2025-06-30
0821708465,906827,2025-08-05
0822240575,908115,2025-08-09
0821897282,133904,2022-05-11
0821544014,166956,2022-07-03
1850080013,91529,2021-10-12
0821386161,281440,2022-09-07
0821748438,600251,2023-06-21
0821895242,442241,2023-01-03
0822215920,477920,2023-02-23
0821745609,623967,2023-07-13
1850035855,763379,2024-02-07
1850047874,824302,2024-11-03
0821897459,873066,2025-04-22
1850049275,832591,2024-12-01
0821936142,821664,2024-10-23
0821570144,3121,2020-08-10
0822063108,701368,2023-11-08
0821386187,761231,2024-01-29
V9E0011680,876012,2025-05-04
0821932890,842704,2025-01-06
0821546014,848615,2025-01-28
0821932002,866018,2025-03-24
0822060882,904508,2025-07-29
0821934650,909122,2025-08-12
0821798092,895095,2025-07-02
V9E0010251,857169,2025-02-24
0821585739,4750,2020-08-27
1850035492,126049,2022-03-23
0821545986,9492,2020-10-04
0821706450,10647,2020-10-11
0821897358,50454,2021-04-14
0822237074,694499,2023-10-25
0822237218,850134,2025-02-03
1850040763,817289,2024-10-03
0821895422,58395,2021-05-11
0822253626,95468,2021-10-26
0821210100,849384,2025-01-31
0822243681,816863,2024-10-01
V9E0016954,869477,2025-04-08
0821929489,285051,2022-09-08
0822298437,901214,2025-07-21
0821891933,61743,2021-05-27
0821934260,127374,2022-03-30
0821898239,306144,2022-09-17
0822236953,913450,2025-08-27
0821348788,2602,2020-07-15
0821929495,61012,2021-05-24
0821895422,60406,2021-05-22
0822239996,76323,2021-08-17
0821934065,55356,2021-05-02
1850075392,105891,2021-12-14
1850039294,109051,2022-01-03
0822311764,267188,2022-09-01
1850038113,328824,2022-10-02
0821537041,637450,2023-08-05
0821897938,771543,2024-03-12
1850056431,866577,2025-03-25
0821579642,839375,2024-12-24
0822239961,799413,2024-07-16
1850038907,96884,2021-10-31
1850080807,433638,2022-12-19
0821895838,447543,2023-01-12
0821586630,16913,2020-11-02
0821542522,760455,2024-01-24
1850031948,810626,2024-09-03
0822237905,820950,2024-10-20
0821874060,881477,2025-05-18
0821385797,894552,2025-06-30
0821871776,342223,2022-10-13
0821543471,24928,2020-11-29
0821536868,71673,2021-07-17
0821570140,625020,2023-07-15
0821748826,34747,2021-02-17
0821570109,507169,2023-04-05
0821544973,12340,2020-10-18
0821542916,32083,2021-02-01
0821546094,18296,2020-11-08
0821927449,55033,2021-04-29
0821897342,48727,2021-04-10
0821895274,114065,2022-01-30
0822240174,457664,2023-01-25
0822237713,70024,2021-07-06
0822295875,75031,2021-08-11
0822060405,118226,2022-02-20
0821708490,124231,2022-03-16
0821873800,52126,2021-04-20
0822235662,79030,2021-08-26
0821891363,87507,2021-09-25
1850079474,91497,2021-10-12
0821933349,125604,2022-03-21
0822298000,85052,2021-09-15
0821896831,131540,2022-04-21
0822234541,518722,2023-04-18
0821705117,813411,2024-09-16
0821873904,845918,2025-01-19
0821706609,883319,2025-05-22
0821897210,799406,2024-07-16
0821895651,792675,2024-06-10
1850080735,664970,2023-09-13
1850047318,364927,2022-11-01
0821748553,849279,2025-01-30
0821706609,7971,2020-09-27
0821933499,281927,2022-09-07
0821873590,262291,2022-08-30
0821895340,52591,2021-04-22
1850047874,350563,2022-10-19
0821705701,356194,2022-10-24
0822234774,442181,2023-01-03
0821708284,10894,2020-10-12
0821586533,17041,2020-11-03
0821898197,57767,2021-05-09
0821894449,56802,2021-05-06
0822236410,67300,2021-06-23
0822058131,76595,2021-08-18
0822236391,75526,2021-08-15
0822312280,81807,2021-09-01
0821590593,15931,2020-10-29
0822253273,111712,2022-01-18
0822242023,72386,2021-07-29
0821931134,62044,2021-05-27
0821579460,155230,2022-06-14
0822215920,157551,2022-06-16
0822240295,828314,2024-11-17
0821895928,207003,2022-08-10
0821580795,442022,2023-01-03
0821537708,6354,2020-09-14
0821543471,24905,2020-11-29
0821590023,21720,2020-11-18
0821935135,44252,2021-03-17
1850030766,131883,2022-04-23
1850047487,871433,2025-04-15
0822240259,320057,2022-09-26
0821931168,852430,2025-02-11
0821541414,25325,2020-12-09
0821931167,50484,2021-04-14
0821748384,133846,2022-05-11
0822315338,90055,2021-10-05
1850048469,121551,2022-03-07
0821591162,124729,2022-03-17
0821893112,136770,2022-05-22
0821933457,164764,2022-06-28
0821708303,840560,2024-12-29
0821587227,467420,2023-02-13
0822059261,482056,2023-02-28
0822295750,832847,2024-12-02
0821386336,760111,2024-01-23
0821580531,846826,2025-01-22
0821895719,885137,2025-05-28
0822235736,830357,2024-11-24
0822238886,855045,2025-02-18
1850082924,898768,2025-07-14
0822063987,896416,2025-07-08
1850079982,831094,2024-11-26
0821539044,873623,2025-04-23
1850042045,802594,2024-07-30
0822243467,793204,2024-06-12
0821536174,639155,2023-08-07
0822240121,72665,2021-08-01
0821538171,846640,2025-01-21
1850080335,248507,2022-08-25
0821929239,438522,2022-12-27
0821588815,117391,2022-02-15
0822235542,909462,2025-08-13
0822311137,917460,2025-09-09
0821707996,465927,2023-02-09
0821543471,24890,2020-11-29
0821537292,6816,2020-09-19
0821935151,58384,2021-05-11
0821708635,30654,2021-01-20
0822321581,89018,2021-09-30
1850054535,106834,2021-12-20
0821538541,5557,2020-09-06
0821587205,17926,2020-11-06
0821932562,48583,2021-04-08
0821927437,58164,2021-05-10
0821934687,117071,2022-02-14
1850081574,817287,2024-10-03
0821898406,419015,2022-11-27
0821538063,707244,2023-11-29
0821745609,849389,2025-01-31
1850074329,638828,2023-08-07
0822296098,75248,2021-08-11
0821578647,887185,2025-06-03
0822236492,908992,2025-08-12
0822238960,912675,2025-08-24
0822233633,903144,2025-07-27
0821385931,1729,2020-05-06
0822235618,74855,2021-08-10
0822064779,277348,2022-09-05
0821587026,111107,2022-01-16
0821590096,19493,2020-11-12
0821586400,15041,2020-10-27
0821578615,20668,2020-11-16
0821570117,3621,2020-08-15
0821545697,26917,2020-12-25
0822060505,86718,2021-09-22
0821537978,14277,2020-10-25
0821928491,46991,2021-03-30
0822234539,66024,2021-06-13
0821895422,61406,2021-05-25
0822237441,174268,2022-07-19
1850037245,773651,2024-03-21
0821933217,115612,2022-02-07
1850077324,127876,2022-04-04
0821930979,223758,2022-08-16
1850074706,328846,2022-10-02
0821873949,352023,2022-10-20
1850048709,839687,2024-12-25
1850082481,187198,2022-08-01
0821927672,897434,2025-07-10
0821893856,65831,2021-06-11
0822211394,69754,2021-07-05
0821538757,434062,2022-12-20
0822058858,428036,2022-12-11
0821581164,805988,2024-08-14
0821210100,622482,2023-07-11
0821929575,883385,2025-05-22
0822235616,75090,2021-08-11
0822058756,758761,2024-01-17
0822237955,770502,2024-03-07
0821898377,103683,2021-12-02
1850080047,108440,2021-12-28
1850076248,436885,2022-12-25
0822244277,863030,2025-03-13
0821927730,907353,2025-08-07
0822241339,917648,2025-09-10
0821901026,486180,2023-03-05
1850035855,825528,2024-11-07
0822059003,829448,2024-11-20
0821536470,917086,2025-09-08
0821586054,448900,2023-01-15
0821891195,136248,2022-05-19
0821897778,164859,2022-06-28
0821537055,435187,2022-12-22
1850021498,245244,2022-08-24
1850056191,827721,2024-11-14
0821872011,832698,2024-12-01
0821895692,847145,2025-01-23
0821933064,577722,2023-06-05
1850082170,180586,2022-07-27
0821386101,760109,2024-01-23
0821588815,763881,2024-02-09
1850054054,159829,2022-06-20
V9E0013459,873059,2025-04-22
0822244033,910847,2025-08-18
0822233762,908724,2025-08-11
0821705449,833495,2024-12-03
0822319477,892257,2025-06-24
0821708490,25140,2020-12-03
0821536642,4333,2020-08-25
0821588127,34746,2021-02-17
0821931329,52261,2021-04-20
0822243993,85034,2021-09-15
0821538396,802226,2024-07-29
1850082401,808434,2024-08-25
0822235172,292150,2022-09-11
0821873903,618426,2023-07-04
0821708284,768660,2024-02-29
0822233825,137871,2022-05-24
0821893861,46978,2021-03-30
0821579459,21075,2020-11-17
0821895422,64048,2021-06-05
0822311024,87287,2021-09-23
0822065862,107156,2021-12-21
0822254207,87221,2021-09-23
0821929765,870165,2025-04-10
0821895695,882467,2025-05-20
0822240222,885633,2025-05-29
0822233905,886490,2025-06-01
0821588535,891767,2025-06-22
0821928400,109983,2022-01-09
1850034492,423605,2022-12-04
0821933217,367525,2022-11-03
1850079272,96398,2021-10-29
1850082387,100014,2021-11-15
0821873785,60241,2021-05-21
0821797692,357775,2022-10-26
1850028869,589970,2023-06-14
1850047717,133118,2022-05-08
0821580189,87867,2021-09-26
1850079582,124064,2022-03-15
